company_name,company_industry,file_name
Proteus Digital Health Careers,Pharmaceuticals,DDD_teamblind
Zelis Careers,Information Technology & Services,DDD_teamblind
UpNest Careers,Real Estate,DDD_teamblind
conferacity Careers,Broadcast & Online Media,DDD_teamblind
Zenoti Careers,Computer Software,DDD_teamblind
LeaseLock Careers,Insurance,DDD_teamblind
Kespry Careers,Computer Software,DDD_teamblind
NewsCred Careers,Marketing & Advertising,DDD_teamblind
Brane Enterprises Careers,Information Technology & Services,DDD_teamblind
Markel Careers,Insurance,DDD_teamblind
ESO Fund Careers,Venture Capital & Private Equity,DDD_teamblind
Indigo Ag Careers,Food & Beverages,DDD_teamblind
MSIG Holdings (Americas). Inc. Careers,Insurance,DDD_teamblind
MindGeek Careers,Internet,DDD_teamblind
ForeScout Technologies Careers,Computer & Network Security,DDD_teamblind
Marketplace Careers,Broadcast & Online Media,DDD_teamblind
SanDisk Careers,Semiconductors,DDD_teamblind
Wag Careers,Consumer Goods,DDD_teamblind
Maisonette Careers,Apparel. Fashion & Luxury,DDD_teamblind
Fox Thermal Careers,Industrial Automation,DDD_teamblind
Optimity Advisors Careers,Management Consulting,DDD_teamblind
potenit Careers,Information Technology & Services,DDD_teamblind
Plexus Careers,Computer Hardware,DDD_teamblind
CureMatch Careers,Biotechnology,DDD_teamblind
intertrend communications Careers,Marketing & Advertising,DDD_teamblind
Emotive Careers,Computer Software,DDD_teamblind
JOOR Careers,Internet,DDD_teamblind
BLEND360 Careers,Marketing & Advertising,DDD_teamblind
AT&T Careers,Telecommunications,DDD_teamblind
NVISIA Careers,Computer Software,DDD_teamblind
mastery Careers,Computer Software,DDD_teamblind
Levi Strauss & Co. Careers,Apparel. Fashion & Luxury,DDD_teamblind
X-Team Careers,Internet,DDD_teamblind
RSE Careers,Marketing & Advertising,DDD_teamblind
Holland & Knight Careers,Legal Services,DDD_teamblind
Mystery Science Careers,E-learning,DDD_teamblind
Rxadvance Corp Careers,Information Technology & Services,DDD_teamblind
ArcelorMittal Careers,Materials & Manufacturing,DDD_teamblind
Webflow Careers,Computer Software,DDD_teamblind
NAPCO Careers,Electrical & Electronic Manufacturing,DDD_teamblind
TreeHouse Foods Careers,Food & Beverages,DDD_teamblind
Amadeus Careers,Information Technology & Services,DDD_teamblind
Critical Start Careers,Information Technology & Services,DDD_teamblind
Korn Ferry Careers,Management Consulting,DDD_teamblind
L&T Technology Services Careers,Information Technology & Services,DDD_teamblind
mParticle Careers,Internet,DDD_teamblind
BrightEdge Careers,Computer Software,DDD_teamblind
JS Products Careers,Wholesale,DDD_teamblind
WorkFusion Careers,Computer Software,DDD_teamblind
Marathon Petroleum Careers,Oil & Energy,DDD_teamblind
Pearson Careers,Broadcast & Online Media,DDD_teamblind
International Paper Careers,Materials & Manufacturing,DDD_teamblind
IntelliScience Careers,Computer Software,DDD_teamblind
Klaviyo Careers,Internet,DDD_teamblind
Narwal Careers,Information Technology & Services,DDD_teamblind
Expanded Impact Careers,Human Resources,DDD_teamblind
Carta Careers,Computer Software,DDD_teamblind
Embark Trucks Careers,Transportation. Trucking & Rail,DDD_teamblind
Spreedly Careers,Information Technology & Services,DDD_teamblind
Key Lime Interactive Careers,Information Technology & Services,DDD_teamblind
Sonos Careers,Computer Hardware,DDD_teamblind
Aflac Careers,Insurance,DDD_teamblind
Transfix Careers,Logistics & Supply Chain,DDD_teamblind
Clarity Insights Careers,Information Technology & Services,DDD_teamblind
Ahmadiyya Muslim Community Careers,Religious Institutions,DDD_teamblind
Holman Parts Distribution Careers,Automotive,DDD_teamblind
Ball Corporation Careers,Materials & Manufacturing,DDD_teamblind
Alliance Inspection Management Careers,Automotive,DDD_teamblind
Medix Careers,Staffing & Recruiting,DDD_teamblind
Xilinx Careers,Semiconductors,DDD_teamblind
Fiserv Careers,Information Technology & Services,DDD_teamblind
RWDI Careers,Civil Engineering,DDD_teamblind
Instabase Careers,Computer Software,DDD_teamblind
Joveo Careers,Computer Software,DDD_teamblind
Workday Careers,Computer Software,DDD_teamblind
NS1 Careers,Internet,DDD_teamblind
Helpshift Careers,Internet,DDD_teamblind
syntax Careers,Information Technology & Services,DDD_teamblind
TPG Careers,Investment Management,DDD_teamblind
AXA Equitable Life Careers,Insurance,DDD_teamblind
Heali Careers,Health. Wellness & Fitness,DDD_teamblind
Total Wine & More Careers,Retail,DDD_teamblind
Hylink Digital Solutions Careers,Marketing & Advertising,DDD_teamblind
Advyzon Careers,Financial Services,DDD_teamblind
Workfront Careers,Computer Software,DDD_teamblind
WineDirect Careers,Food & Beverages,DDD_teamblind
ThousandEyes Careers,Internet,DDD_teamblind
Vectra AI Careers,Computer & Network Security,DDD_teamblind
Kingland Systems Careers,Information Technology & Services,DDD_teamblind
WideOrbit Careers,Computer Software,DDD_teamblind
Sila Careers,Financial Services,DDD_teamblind
Schaeffler Careers,Mechanical & Industrial Engineering,DDD_teamblind
Securonix Careers,Information Technology & Services,DDD_teamblind
Natixis Careers,Financial Services,DDD_teamblind
Freudenberg Group Careers,Automotive,DDD_teamblind
Much Careers,Legal Services,DDD_teamblind
OPS Careers,Logistics & Supply Chain,DDD_teamblind
Voicy.AI Careers,Computer Software,DDD_teamblind
128 Technology Careers,Information Technology & Services,DDD_teamblind
Vacasa Careers,Leisure. Travel & Tourism,DDD_teamblind
Quip Careers,Computer Software,DDD_teamblind
SolarCity Careers,Environmental Services,DDD_teamblind
Tech Mahindra Careers,Information Technology & Services,DDD_teamblind
Airlines Reporting Corp. Careers,Information Technology & Services,DDD_teamblind
The Organic Recruiter Careers,Staffing & Recruiting,DDD_teamblind
Tomorrowish Careers,Internet,DDD_teamblind
Upgrade Careers,Financial Services,DDD_teamblind
SAC Wireless Careers,Telecommunications,DDD_teamblind
Tucows Careers,Information Technology & Services,DDD_teamblind
Sixth Man Careers,Computer Software,DDD_teamblind
Hawthorn Careers,Financial Services,DDD_teamblind
OpenGov Inc. Careers,Internet,DDD_teamblind
ITC Limited Careers,Consumer Goods,DDD_teamblind
SmartStudy Careers,Entertainment,DDD_teamblind
Masterclass Careers,E-learning,DDD_teamblind
ACS Solutions Careers,Information Technology & Services,DDD_teamblind
zuumers Careers,Consumer Electronics,DDD_teamblind
DocuSign Careers,Computer Software,DDD_teamblind
King Street Capital Management Careers,Investment Management,DDD_teamblind
Inknown Careers,Internet,DDD_teamblind
Blackhawk Network Careers,Financial Services,DDD_teamblind
Northrop Grumman Federal Credit Union Careers,Banking,DDD_teamblind
Syapse Careers,Information Technology & Services,DDD_teamblind
Bigbelly Careers,Environmental Services,DDD_teamblind
Track Revenue Careers,Information Technology & Services,DDD_teamblind
Bloomberg Industry Group Careers,Information Services,DDD_teamblind
Neato Robotics Careers,Consumer Electronics,DDD_teamblind
Bold Commerce Careers,Information Technology & Services,DDD_teamblind
Keysight Technologies Careers,Computer Hardware,DDD_teamblind
Viziworx Creative Careers,Marketing & Advertising,DDD_teamblind
Credibility Capital Careers,Financial Services,DDD_teamblind
Melio Careers,Financial Services,DDD_teamblind
NRC Health Careers,Hospital & Health Care,DDD_teamblind
Qontigo Careers,Financial Services,DDD_teamblind
CipherHealth Careers,Hospital & Health Care,DDD_teamblind
Oriental Trading Company Careers,Retail,DDD_teamblind
HHAeXchange Careers,Computer Software,DDD_teamblind
Postscript Careers,Internet,DDD_teamblind
Leap Careers,Internet,DDD_teamblind
McAfee Careers,Computer & Network Security,DDD_teamblind
Mouser Electronics Careers,Electrical & Electronic Manufacturing,DDD_teamblind
Logic20/20 Careers,Management Consulting,DDD_teamblind
LP3 Careers,Computer & Network Security,DDD_teamblind
Elementum Careers,Computer Software,DDD_teamblind
Ant Financial Careers,Internet,DDD_teamblind
FPT Software Careers,Information Technology & Services,DDD_teamblind
mediaset Careers,Broadcast & Online Media,DDD_teamblind
Lithium Technologies Careers,Computer Software,DDD_teamblind
Healthgrades Careers,Hospital & Health Care,DDD_teamblind
Kinesso Careers,Marketing & Advertising,DDD_teamblind
Prolific Interactive Careers,Marketing & Advertising,DDD_teamblind
Edison Energy. LLC Careers,Environmental Services,DDD_teamblind
Kirkland & Ellis LLP Careers,Legal Services,DDD_teamblind
Serverless Inc. Careers,Computer Software,DDD_teamblind
Wise Ltd. Careers,Financial Services,DDD_teamblind
Sun Life Financial Careers,Financial Services,DDD_teamblind
Fundbox Careers,Information Technology & Services,DDD_teamblind
Greenhill & Co. Careers,Investment Banking,DDD_teamblind
SoftFinity Careers,Computer Software,DDD_teamblind
Voyager Careers,Financial Services,DDD_teamblind
DNSFilter Careers,Internet,DDD_teamblind
LeetCode Careers,Information Technology & Services,DDD_teamblind
R1 RCM Careers,Hospital & Health Care,DDD_teamblind
NEX Careers,Financial Services,DDD_teamblind
ICBC Careers,Financial Services,DDD_teamblind
Foot Locker Careers,Retail,DDD_teamblind
class central Careers,E-learning,DDD_teamblind
Paddy Power Betfair Careers,Entertainment,DDD_teamblind
Coty Careers,Cosmetics,DDD_teamblind
Dtex Systems Careers,Computer Software,DDD_teamblind
HARVEST POINT MINISTRIES Careers,Religious Institutions,DDD_teamblind
WEX Careers,Financial Services,DDD_teamblind
CNA Insurance Careers,Insurance,DDD_teamblind
BlinkUX Careers,Design,DDD_teamblind
Alloy Careers,Computer Software,DDD_teamblind
Podium Careers,Computer Software,DDD_teamblind
FormFactor Careers,Semiconductors,DDD_teamblind
ADVA Careers,Telecommunications,DDD_teamblind
Cornerstone Careers,Computer Software,DDD_teamblind
ASAPP Careers,Computer Software,DDD_teamblind
Pike13 Careers,Computer Software,DDD_teamblind
ServiceMaster Careers,Consumer Services,DDD_teamblind
Kyruus Careers,Hospital & Health Care,DDD_teamblind
Logitech Careers,Computer Hardware,DDD_teamblind
Ring Careers,Telecommunications,DDD_teamblind
Transamerica Careers,Financial Services,DDD_teamblind
plantx Careers,Internet,DDD_teamblind
National Instruments Careers,Computer Hardware,DDD_teamblind
Integrated Device Technology Careers,Semiconductors,DDD_teamblind
FAR Careers,Computer & Network Security,DDD_teamblind
BitTiger Careers,E-learning,DDD_teamblind
Philips International Careers,Real Estate,DDD_teamblind
Landis+Gyr Careers,Computer Networking,DDD_teamblind
Area51 Careers,Information Technology & Services,DDD_teamblind
Reliance Industries Careers,Oil & Energy,DDD_teamblind
Ten-X Careers,Financial Services,DDD_teamblind
Calico Careers,Hospital & Health Care,DDD_teamblind
RoundPoint Careers,Financial Services,DDD_teamblind
New Coast Ventures Careers,Computer Software,DDD_teamblind
Gento Careers,Hospital & Health Care,DDD_teamblind
AVL Careers,Automotive,DDD_teamblind
Nuance Communications Careers,Computer Software,DDD_teamblind
nususc Careers,Education Management,DDD_teamblind
August Home Careers,Consumer Electronics,DDD_teamblind
Conviva Careers,Internet,DDD_teamblind
UMR Careers,Hospital & Health Care,DDD_teamblind
Curriculum Associates Careers,Newspapers & Publishing,DDD_teamblind
Algolux Careers,Computer Software,DDD_teamblind
CloudAcademy Careers,Information Technology & Services,DDD_teamblind
SmartPak Equine LLC Careers,Retail,DDD_teamblind
MyFitnessPal Careers,Internet,DDD_teamblind
SCE Careers,Utilities,DDD_teamblind
Ally Financial Careers,Financial Services,DDD_teamblind
Autonomous Healthcare Careers,Medical Device,DDD_teamblind
Broadridge Careers,Financial Services,DDD_teamblind
Mothership Careers,Logistics & Supply Chain,DDD_teamblind
scrumconnect Careers,Computer Software,DDD_teamblind
Texas Education Agency Careers,Government Administration,DDD_teamblind
STATE Careers,Higher Education,DDD_teamblind
BBC Careers,Broadcast & Online Media,DDD_teamblind
VeriSign Careers,Internet,DDD_teamblind
ZUME Pizza Careers,Food & Beverages,DDD_teamblind
NERA Economic Consulting Careers,Management Consulting,DDD_teamblind
Webby Central Careers,Information Technology & Services,DDD_teamblind
First Citizens Bank Careers,Financial Services,DDD_teamblind
Availity Careers,Information Technology & Services,DDD_teamblind
Oath Careers,Internet,DDD_teamblind
St Kilda Football Club Careers,Retail,DDD_teamblind
Appier Careers,Information Technology & Services,DDD_teamblind
Aha! Careers,Computer Software,DDD_teamblind
advanced.farm Careers,Industrial Automation,DDD_teamblind
PicoCandy Careers,Internet,DDD_teamblind
Viceroy Solutions Careers,Staffing & Recruiting,DDD_teamblind
Compass Group Careers,Food & Beverages,DDD_teamblind
DrFirst Careers,Hospital & Health Care,DDD_teamblind
Excella Careers,Information Technology & Services,DDD_teamblind
Twitter Careers,Internet,DDD_teamblind
Annaly Careers,Financial Services,DDD_teamblind
Paravision Careers,Computer Software,DDD_teamblind
Joist Careers,Information Technology & Services,DDD_teamblind
Blue Newt Software Careers,Computer Software,DDD_teamblind
CityMD Careers,Hospital & Health Care,DDD_teamblind
Homes.com Careers,Real Estate,DDD_teamblind
Johnson & Johnson Careers,Hospital & Health Care,DDD_teamblind
Discovery Careers,Entertainment,DDD_teamblind
Volkswagen of America Careers,Automotive,DDD_teamblind
Audi Careers,Automotive,DDD_teamblind
Waltham Clinic Careers,Hospital & Health Care,DDD_teamblind
LER TechForce Careers,Staffing & Recruiting,DDD_teamblind
NEPC Careers,Financial Services,DDD_teamblind
Whova Careers,Computer Software,DDD_teamblind
Statista Careers,Information Technology & Services,DDD_teamblind
Molex Careers,Computer Hardware,DDD_teamblind
Canadian Pacific Railway Careers,Transportation. Trucking & Rail,DDD_teamblind
DC Government Careers,Government Administration,DDD_teamblind
Signal Careers,Internet,DDD_teamblind
Litmus7 Careers,Information Technology & Services,DDD_teamblind
6sense Careers,Information Technology & Services,DDD_teamblind
Dapi Careers,Financial Services,DDD_teamblind
Bosch Careers,Mechanical & Industrial Engineering,DDD_teamblind
Point72 Careers,Financial Services,DDD_teamblind
Black Hills Solutions Careers,Information Technology & Services,DDD_teamblind
City Schools of Decatur Careers,Primary & Secondary Education,DDD_teamblind
Girls on the Run International Careers,Non-Profit Organization,DDD_teamblind
Cognizant Careers,Information Technology & Services,DDD_teamblind
HonorHealth Careers,Hospital & Health Care,DDD_teamblind
Vonage Careers,Information Technology & Services,DDD_teamblind
CME Corp. Careers,Hospital & Health Care,DDD_teamblind
Robotic Research Careers,Defense & Space,DDD_teamblind
ajmerainfotech Careers,Computer Software,DDD_teamblind
StrongArm Tech Careers,Information Technology & Services,DDD_teamblind
Bonusly Careers,Internet,DDD_teamblind
FixStream Careers,Information Technology & Services,DDD_teamblind
Jovia Careers,Banking,DDD_teamblind
Bridgewater Associates Careers,Financial Services,DDD_teamblind
iProspect Careers,Marketing & Advertising,DDD_teamblind
Evans & Chambers Careers,Information Technology & Services,DDD_teamblind
Phone Booth Press Careers,Newspapers & Publishing,DDD_teamblind
IRONSCALES Careers,Information Technology & Services,DDD_teamblind
Nissan Motor Corporation Careers,Automotive,DDD_teamblind
Hello Vino Careers,Food & Beverages,DDD_teamblind
Emtrain Careers,Internet,DDD_teamblind
Boosted Careers,Consumer Electronics,DDD_teamblind
Instart Careers,Computer Software,DDD_teamblind
Kapsch Trafficcom Careers,Transportation. Trucking & Rail,DDD_teamblind
Risk Strategies Careers,Insurance,DDD_teamblind
BriteCore Careers,Computer Software,DDD_teamblind
Lambda Careers,Computer Hardware,DDD_teamblind
MAVERIT Careers,Information Technology & Services,DDD_teamblind
North Highland Careers,Management Consulting,DDD_teamblind
maurices Careers,Retail,DDD_teamblind
Wunderkind Careers,Marketing & Advertising,DDD_teamblind
Mapbox Careers,Internet,DDD_teamblind
Ngen Careers,Computer & Network Security,DDD_teamblind
Western Dental & Orthodontics Careers,Hospital & Health Care,DDD_teamblind
OCLC Careers,Information Technology & Services,DDD_teamblind
Axiom Space Careers,Aviation & Aerospace,DDD_teamblind
Mercari Careers,Internet,DDD_teamblind
AccuWeather Careers,Broadcast & Online Media,DDD_teamblind
coles Careers,Retail,DDD_teamblind
Aquent Careers,Staffing & Recruiting,DDD_teamblind
DFW Careers,Aviation & Aerospace,DDD_teamblind
City of Austin Careers,Government Administration,DDD_teamblind
BJSS Careers,Information Technology & Services,DDD_teamblind
Lob Careers,Computer Software,DDD_teamblind
Reorg Careers,Financial Services,DDD_teamblind
Nuro Careers,Information Technology & Services,DDD_teamblind
Harmonix Music Systems Careers,Computer Games,DDD_teamblind
Synthetic Genomics Careers,Biotechnology,DDD_teamblind
The Daily Californian Careers,Broadcast & Online Media,DDD_teamblind
Civitas Learning Careers,Education Management,DDD_teamblind
Huddle Careers,Computer Software,DDD_teamblind
Nexon Careers,Computer Games,DDD_teamblind
Multibeam Corporation Careers,Semiconductors,DDD_teamblind
Vidyard Careers,Broadcast & Online Media,DDD_teamblind
Resolute Digital Careers,Marketing & Advertising,DDD_teamblind
Letgo Careers,Internet,DDD_teamblind
Skillz Careers,Entertainment,DDD_teamblind
Peet's Coffee & Tea Careers,Retail,DDD_teamblind
American Tire Distributors Careers,Automotive,DDD_teamblind
ACTIV Financial Systems Careers,Financial Services,DDD_teamblind
IPG Careers,Marketing & Advertising,DDD_teamblind
xerris Careers,Information Technology & Services,DDD_teamblind
Xactly Careers,Computer Software,DDD_teamblind
Conga Careers,Information Technology & Services,DDD_teamblind
Got-It AI Careers,Computer Software,DDD_teamblind
Los Alamos National Laboratory Careers,Research,DDD_teamblind
Hillrom Careers,Medical Device,DDD_teamblind
Velocity Careers,Financial Services,DDD_teamblind
Cigna Careers,Health. Wellness & Fitness,DDD_teamblind
Verifi Inc. Careers,Financial Services,DDD_teamblind
Los Angeles Times Careers,Newspapers & Publishing,DDD_teamblind
HCSS Careers,Computer Software,DDD_teamblind
Global Lending Services Careers,Financial Services,DDD_teamblind
Peritus.ai Careers,Computer Software,DDD_teamblind
ProSci Careers,Biotechnology,DDD_teamblind
erwin Careers,Computer Software,DDD_teamblind
VHT Careers,Computer Software,DDD_teamblind
REMI Careers,Public Policy,DDD_teamblind
Cornell Surgical Careers,Wholesale,DDD_teamblind
Herff Jones Careers,Consumer Goods,DDD_teamblind
Lightspeed Venture Partners Careers,Venture Capital & Private Equity,DDD_teamblind
Structural Careers,Internet,DDD_teamblind
Committee for Children Careers,Primary & Secondary Education,DDD_teamblind
Nestle Careers,Food & Beverages,DDD_teamblind
Scholastic Careers,Newspapers & Publishing,DDD_teamblind
CyberCube Careers,Computer Software,DDD_teamblind
Peak Careers,Information Technology & Services,DDD_teamblind
Navient Careers,Financial Services,DDD_teamblind
BASIC Careers,Human Resources,DDD_teamblind
Happyelements Careers,Computer Games,DDD_teamblind
Archer Daniels Midland Company Careers,Food & Beverages,DDD_teamblind
SmartLens Analytics Careers,Marketing & Advertising,DDD_teamblind
The Predictive Index Careers,Human Resources,DDD_teamblind
LionTree LLC Careers,Financial Services,DDD_teamblind
Alion Science and Technology Careers,Defense & Space,DDD_teamblind
Figure Careers,Financial Services,DDD_teamblind
XO Group Careers,Broadcast & Online Media,DDD_teamblind
CBS Interactive Careers,Broadcast & Online Media,DDD_teamblind
WeRide.ai Careers,Computer Software,DDD_teamblind
Neuberger Berman Careers,Financial Services,DDD_teamblind
Syserco Careers,Construction,DDD_teamblind
BEUMER Group Careers,Industrial Automation,DDD_teamblind
Ombud Careers,Computer Software,DDD_teamblind
Community Coffee Company Careers,Food & Beverages,DDD_teamblind
Agilysys Careers,Information Technology & Services,DDD_teamblind
Applause Careers,Information Technology & Services,DDD_teamblind
Starwood Careers,Real Estate,DDD_teamblind
Appirio Careers,Information Technology & Services,DDD_teamblind
Ashling Partners Careers,Information Technology & Services,DDD_teamblind
Brightstar Corp. Careers,Telecommunications,DDD_teamblind
American Red Cross Careers,Non-Profit Organization,DDD_teamblind
Federal Communications Careers,Government Administration,DDD_teamblind
Conseqta Careers,Computer Software,DDD_teamblind
R Systems Careers,Information Technology & Services,DDD_teamblind
Strasz Careers,Computer Software,DDD_teamblind
Grubhub Careers,Internet,DDD_teamblind
Alchemy Careers,Computer Software,DDD_teamblind
Kanarys Careers,Information Technology & Services,DDD_teamblind
Chorus.ai. Careers,Computer Software,DDD_teamblind
NYC Department of Social Services Careers,Government Administration,DDD_teamblind
Mailchimp Careers,Computer Software,DDD_teamblind
Xealth Careers,Hospital & Health Care,DDD_teamblind
BPM LLP Careers,Accounting,DDD_teamblind
Clearcover Careers,Insurance,DDD_teamblind
Altran Careers,Information Technology & Services,DDD_teamblind
Solv. Careers,Internet,DDD_teamblind
Essity Careers,Consumer Goods,DDD_teamblind
Harbor Freight Tools Careers,Retail,DDD_teamblind
onepoint Careers,Management Consulting,DDD_teamblind
QuoteWizard Careers,Insurance,DDD_teamblind
AAA Careers,Consumer Services,DDD_teamblind
Granicus Careers,Computer Software,DDD_teamblind
Bechtel Careers,Construction,DDD_teamblind
Fiverr Careers,Internet,DDD_teamblind
Fulton County Schools Careers,Education Management,DDD_teamblind
Applied Underwriters Careers,Insurance,DDD_teamblind
CloudBees Careers,Computer Software,DDD_teamblind
CompStak Careers,Internet,DDD_teamblind
Starling Bank Careers,Banking,DDD_teamblind
RCC Careers,Information Technology & Services,DDD_teamblind
Lenovo Careers,Computer Hardware,DDD_teamblind
nectarconsulting Careers,Management Consulting,DDD_teamblind
RapidAI Careers,Medical Device,DDD_teamblind
CLARA analytics Careers,Insurance,DDD_teamblind
Cvent Careers,Computer Software,DDD_teamblind
Huawei Careers,Computer Networking,DDD_teamblind
CertiK Careers,Computer Software,DDD_teamblind
HCL Technologies Careers,Information Technology & Services,DDD_teamblind
Turbine Labs Careers,Computer Software,DDD_teamblind
Valeo Careers,Automotive,DDD_teamblind
ProcureAbility Careers,Management Consulting,DDD_teamblind
Teachable Careers,E-learning,DDD_teamblind
Sartorius Careers,Biotechnology,DDD_teamblind
NetSuite Careers,Computer Software,DDD_teamblind
Ontario Insurance Company Careers,Insurance,DDD_teamblind
BlueFletch Careers,Computer Software,DDD_teamblind
InRhythm Careers,Information Technology & Services,DDD_teamblind
protecht Careers,Internet,DDD_teamblind
YieldStreet Careers,Financial Services,DDD_teamblind
CDK Global Careers,Computer Software,DDD_teamblind
DeepMap Careers,Computer Software,DDD_teamblind
Empire State Bank Careers,Banking,DDD_teamblind
NestlÃ© Purina Careers,Consumer Goods,DDD_teamblind
Fyle Careers,Computer Software,DDD_teamblind
ADARA Careers,Internet,DDD_teamblind
Enlitic Careers,Medical Device,DDD_teamblind
New Incentives Careers,Non-Profit Organization,DDD_teamblind
Columbia Bank Careers,Financial Services,DDD_teamblind
Softjourn Careers,Computer Software,DDD_teamblind
Unruly Studios Careers,Primary & Secondary Education,DDD_teamblind
Dun & Bradstreet Careers,Financial Services,DDD_teamblind
SURE Careers,Insurance,DDD_teamblind
Niagara Careers,Food & Beverages,DDD_teamblind
LBUSD Careers,Primary & Secondary Education,DDD_teamblind
Herman Miller Careers,Retail,DDD_teamblind
ForgeRock Careers,Information Technology & Services,DDD_teamblind
Terakeet Careers,Marketing & Advertising,DDD_teamblind
Pill Club Careers,Hospital & Health Care,DDD_teamblind
ING Group Careers,Financial Services,DDD_teamblind
Unilever Careers,Retail,DDD_teamblind
Process Equipment Company Careers,Materials & Manufacturing,DDD_teamblind
U.S. Department of Housing and Urban Development Careers,Government Administration,DDD_teamblind
Global Medical Response Careers,Hospital & Health Care,DDD_teamblind
Ladder Insurance Careers,Internet,DDD_teamblind
AWeber Careers,Computer Software,DDD_teamblind
crxmarkets Careers,Financial Services,DDD_teamblind
Xiaomi Careers,Internet,DDD_teamblind
180 Degrees Consulting Careers,Non-Profit Organization,DDD_teamblind
Veralogiq Careers,Computer Software,DDD_teamblind
Panzura Careers,Information Technology & Services,DDD_teamblind
Firework Careers,Computer Software,DDD_teamblind
Ciena Careers,Computer Networking,DDD_teamblind
MPOWER Financing Careers,Financial Services,DDD_teamblind
Box Careers,Internet,DDD_teamblind
The Muse Careers,Internet,DDD_teamblind
AdeptDC Careers,Internet,DDD_teamblind
Danone Careers,Food & Beverages,DDD_teamblind
BitGo Careers,Financial Services,DDD_teamblind
awareabilitytechnologies Careers,Information Technology & Services,DDD_teamblind
Saggezza Careers,Information Technology & Services,DDD_teamblind
HackerOne Careers,Computer & Network Security,DDD_teamblind
Brex Careers,Financial Services,DDD_teamblind
Universal Music Group Careers,Entertainment,DDD_teamblind
WorkReduce Careers,Marketing & Advertising,DDD_teamblind
Leggett & Platt Careers,Retail,DDD_teamblind
Quid Careers,Computer Software,DDD_teamblind
Mitsubishi Corporation Careers,Mechanical & Industrial Engineering,DDD_teamblind
Marvell Semiconductor Careers,Semiconductors,DDD_teamblind
Points Careers,Internet,DDD_teamblind
The Aerospace Corp.  Careers,Defense & Space,DDD_teamblind
Aspen Technology Careers,Computer Software,DDD_teamblind
SalesLoft Careers,Computer Software,DDD_teamblind
GENBAND Careers,Computer Networking,DDD_teamblind
Chef Careers,Information Technology & Services,DDD_teamblind
Webdam Careers,Computer Software,DDD_teamblind
Custom Computer Specialists Careers,Information Technology & Services,DDD_teamblind
Upthere Careers,Computer Software,DDD_teamblind
Step Careers,Financial Services,DDD_teamblind
SignalFx Careers,Computer Software,DDD_teamblind
Heritage Trust Company Careers,Banking,DDD_teamblind
Quizlet Careers,E-learning,DDD_teamblind
National Renewable Energy Laboratory Careers,Research,DDD_teamblind
WP Engine Careers,Information Technology & Services,DDD_teamblind
VerticalScope Careers,Broadcast & Online Media,DDD_teamblind
larsentoubro Careers,Materials & Manufacturing,DDD_teamblind
Fidelity National Financial Careers,Financial Services,DDD_teamblind
Wacom Technology Corp. Careers,Computer Hardware,DDD_teamblind
Lee Hecht Harrison Careers,Management Consulting,DDD_teamblind
CREA Careers,Real Estate,DDD_teamblind
Universal Electronics Careers,Computer Hardware,DDD_teamblind
Rizing Careers,Information Technology & Services,DDD_teamblind
The Kraft Heinz Company Careers,Food & Beverages,DDD_teamblind
Flybits Careers,Computer Software,DDD_teamblind
Portworx Careers,Computer Software,DDD_teamblind
ATL Careers,Automotive,DDD_teamblind
IPSY Careers,Retail,DDD_teamblind
Instabug Careers,Computer Software,DDD_teamblind
Vida Health Careers,Hospital & Health Care,DDD_teamblind
Faithful+Gould Careers,Construction,DDD_teamblind
Zaius Careers,Computer Software,DDD_teamblind
Katerra Careers,Construction,DDD_teamblind
TestEquity Careers,Electrical & Electronic Manufacturing,DDD_teamblind
Babylon Health Careers,Hospital & Health Care,DDD_teamblind
Orochem Technologies Careers,Biotechnology,DDD_teamblind
clykk Careers,Consumer Services,DDD_teamblind
Weight Watchers Careers,Health. Wellness & Fitness,DDD_teamblind
Alto Pharmacy Careers,Hospital & Health Care,DDD_teamblind
TopFunnel Careers,Computer Software,DDD_teamblind
Plymouth Rock Assurance Careers,Insurance,DDD_teamblind
Santa Barbara Auto Group Careers,Automotive,DDD_teamblind
Michaels Careers,Retail,DDD_teamblind
Attentive Careers,Marketing & Advertising,DDD_teamblind
NTELX Careers,Information Technology & Services,DDD_teamblind
Sangamo Therapeutics. Inc. Careers,Biotechnology,DDD_teamblind
Trinidad Benham Careers,Consumer Goods,DDD_teamblind
Apartment Therapy Careers,Newspapers & Publishing,DDD_teamblind
Dytek Solutions Careers,Information Technology & Services,DDD_teamblind
Analysis Group Careers,Management Consulting,DDD_teamblind
OpenText Careers,Computer Software,DDD_teamblind
Faronics Careers,Computer Software,DDD_teamblind
Archegos Capital Careers,Investment Management,DDD_teamblind
KEYENCE CORPORATION Careers,Industrial Automation,DDD_teamblind
Khan Academy Careers,Education Management,DDD_teamblind
MotorTrend Careers,Broadcast & Online Media,DDD_teamblind
Cadence Design Systems Careers,Computer Software,DDD_teamblind
TransferWise Careers,Financial Services,DDD_teamblind
Conversica Careers,Information Technology & Services,DDD_teamblind
Kittyhawk Careers,Aviation & Aerospace,DDD_teamblind
Smucker Careers,Consumer Goods,DDD_teamblind
Webalo Careers,Computer Software,DDD_teamblind
Donut Careers,Consumer Services,DDD_teamblind
Wyzant Careers,Internet,DDD_teamblind
OMD Careers,Marketing & Advertising,DDD_teamblind
OmniVision Technologies Careers,Semiconductors,DDD_teamblind
Nanotronics Careers,Industrial Automation,DDD_teamblind
Florida Department of Environmental Protection Careers,Environmental Services,DDD_teamblind
Tinybeans Careers,Consumer Services,DDD_teamblind
LeadIQ Careers,Computer Software,DDD_teamblind
Partnology Careers,Staffing & Recruiting,DDD_teamblind
Paymerang Careers,Financial Services,DDD_teamblind
Asteelflash Careers,Electrical & Electronic Manufacturing,DDD_teamblind
Hilti Careers,Construction,DDD_teamblind
Brain Corp Careers,Computer Software,DDD_teamblind
Esurance Careers,Financial Services,DDD_teamblind
Luminar Technologies Careers,Automotive,DDD_teamblind
tomcomunicacao Careers,Marketing & Advertising,DDD_teamblind
ShareBuilder 401k Careers,Financial Services,DDD_teamblind
Campbell Careers,Food & Beverages,DDD_teamblind
Spoke Careers,Computer Software,DDD_teamblind
Red Hat Careers,Computer Software,DDD_teamblind
Bank of America Careers,Financial Services,DDD_teamblind
BlueStacks Careers,Computer Software,DDD_teamblind
TeamViewer Careers,Computer Software,DDD_teamblind
myKaarma Careers,Automotive,DDD_teamblind
Noble Royalties. Inc. Careers,Financial Services,DDD_teamblind
Topgolf Careers,Broadcast & Online Media,DDD_teamblind
Blue Origin Careers,Defense & Space,DDD_teamblind
STMicroelectronics Careers,Semiconductors,DDD_teamblind
Comcast Careers,Telecommunications,DDD_teamblind
PredictSpring Careers,Computer Software,DDD_teamblind
VSA Partners Careers,Design,DDD_teamblind
Tubi TV Careers,Entertainment,DDD_teamblind
Turing Video Careers,Facilities Services,DDD_teamblind
Clear Capital Careers,Financial Services,DDD_teamblind
Varagon Careers,Investment Management,DDD_teamblind
SwagUp Careers,Marketing & Advertising,DDD_teamblind
OCR Careers,Computer Software,DDD_teamblind
IoTeX Careers,Information Technology & Services,DDD_teamblind
accesso Careers,Information Technology & Services,DDD_teamblind
PitchBook Data Careers,Venture Capital & Private Equity,DDD_teamblind
Marsh ClearSight Careers,Information Technology & Services,DDD_teamblind
Creative Rein Careers,Management Consulting,DDD_teamblind
B-Stock Solutions Careers,Logistics & Supply Chain,DDD_teamblind
Finden Careers,Financial Services,DDD_teamblind
Airbase Careers,Financial Services,DDD_teamblind
CVP Careers,Management Consulting,DDD_teamblind
Phenom People Careers,Computer Software,DDD_teamblind
injazat Careers,Information Technology & Services,DDD_teamblind
PeerIQ Careers,Financial Services,DDD_teamblind
Ryder Careers,Transportation. Trucking & Rail,DDD_teamblind
Lemonade Careers,Insurance,DDD_teamblind
Blink Health Careers,Health. Wellness & Fitness,DDD_teamblind
VALiNTRY Careers,Staffing & Recruiting,DDD_teamblind
Optimal Synthesis Inc. Careers,Aviation & Aerospace,DDD_teamblind
Palmos Careers,Environmental Services,DDD_teamblind
Currencycloud Careers,Financial Services,DDD_teamblind
EPRI Careers,Utilities,DDD_teamblind
RealSelf Careers,Internet,DDD_teamblind
Groq Careers,Semiconductors,DDD_teamblind
Univision Communications Careers,Broadcast & Online Media,DDD_teamblind
Liberty Mutual Insurance Careers,Financial Services,DDD_teamblind
MobMaxime Careers,Computer Software,DDD_teamblind
Eze Software Careers,Computer Software,DDD_teamblind
Deliv Careers,Internet,DDD_teamblind
CommerceIQ Careers,Computer Software,DDD_teamblind
First Advantage Careers,Information Technology & Services,DDD_teamblind
GoShare Careers,Internet,DDD_teamblind
si-vision Careers,Semiconductors,DDD_teamblind
Healthfirst Inc. Careers,Hospital & Health Care,DDD_teamblind
Talkdoc Careers,Hospital & Health Care,DDD_teamblind
CallMiner Careers,Computer Software,DDD_teamblind
Alaska Airlines Careers,Aviation & Aerospace,DDD_teamblind
SUSE Careers,Computer Software,DDD_teamblind
damedic Careers,Hospital & Health Care,DDD_teamblind
Phoenix International Publications Careers,Newspapers & Publishing,DDD_teamblind
Sweetgreen Careers,Food & Beverages,DDD_teamblind
Mailgun Technologies Careers,Computer Software,DDD_teamblind
Qopper Careers,Internet,DDD_teamblind
dscout Careers,Research,DDD_teamblind
Tesco Careers,Retail,DDD_teamblind
Giraphix Creative Careers,Marketing & Advertising,DDD_teamblind
U.S. Naval Research Laboratory Careers,Research,DDD_teamblind
SageSure Insurance Managers Careers,Insurance,DDD_teamblind
SharkNinja Careers,Consumer Goods,DDD_teamblind
Alectio Careers,Computer Software,DDD_teamblind
Whip Media Group Careers,Entertainment,DDD_teamblind
substack Careers,Broadcast & Online Media,DDD_teamblind
Split Careers,Computer Software,DDD_teamblind
Dartmouth college Careers,Higher Education,DDD_teamblind
Supermetrics Careers,Computer Software,DDD_teamblind
Celerity Careers,Information Technology & Services,DDD_teamblind
Sierra Wireless Careers,Telecommunications,DDD_teamblind
CAST Careers,Information Technology & Services,DDD_teamblind
LinQuest Careers,Defense & Space,DDD_teamblind
Wargaming Careers,Computer Games,DDD_teamblind
OutSystems Careers,Computer Software,DDD_teamblind
Miles Education Careers,Education Management,DDD_teamblind
Man Group Careers,Investment Management,DDD_teamblind
Municipal Credit Union Careers,Financial Services,DDD_teamblind
Life360 Careers,Internet,DDD_teamblind
New York State Office of Information Technology Services Careers,Information Technology & Services,DDD_teamblind
DealerOn Careers,Marketing & Advertising,DDD_teamblind
trucker Careers,Transportation. Trucking & Rail,DDD_teamblind
BuildingConnected Careers,Construction,DDD_teamblind
King County. WA Careers,Government Administration,DDD_teamblind
Nomura Careers,Financial Services,DDD_teamblind
Staples Careers,Retail,DDD_teamblind
Xgility Careers,Information Technology & Services,DDD_teamblind
Hatch Ltd Careers,Materials & Manufacturing,DDD_teamblind
CrunchTime! Careers,Computer Software,DDD_teamblind
CTC Careers,Defense & Space,DDD_teamblind
KYOCERA Document Solutions Development Careers,Business Supplies & Equipment,DDD_teamblind
ELEKS Careers,Information Technology & Services,DDD_teamblind
nuTonomy Careers,Automotive,DDD_teamblind
Cypress Semiconductor Careers,Semiconductors,DDD_teamblind
Cigniti Careers,Information Technology & Services,DDD_teamblind
Stolt-Nielsen Limited Careers,Logistics & Supply Chain,DDD_teamblind
Payoneer Careers,Financial Services,DDD_teamblind
Saab Defense and Security USA Careers,Defense & Space,DDD_teamblind
The Dobrusin Law Firm Careers,Legal Services,DDD_teamblind
Critical Mass Careers,Marketing & Advertising,DDD_teamblind
Sequoia Capital Careers,Venture Capital & Private Equity,DDD_teamblind
Infocon Careers,Computer Software,DDD_teamblind
Utah State Legislature Careers,Government Administration,DDD_teamblind
The AI Foundation Careers,Computer Software,DDD_teamblind
WidePoint Careers,Information Technology & Services,DDD_teamblind
XANT Careers,Computer Software,DDD_teamblind
MRM Careers,Marketing & Advertising,DDD_teamblind
Magic Leap Careers,Telecommunications,DDD_teamblind
Matson Careers,Transportation. Trucking & Rail,DDD_teamblind
Axilis Careers,Computer Software,DDD_teamblind
ServiceChannel Careers,Computer Software,DDD_teamblind
Urban Science Careers,Automotive,DDD_teamblind
CITCO USA Careers,Retail,DDD_teamblind
Chenbro Careers,Computer Hardware,DDD_teamblind
Hagadone Media Careers,Marketing & Advertising,DDD_teamblind
Arlo Careers,Consumer Electronics,DDD_teamblind
Fishtown Analytics Careers,Computer Software,DDD_teamblind
ONE Gas Careers,Utilities,DDD_teamblind
Salsify Careers,Computer Software,DDD_teamblind
Pacific Northwest National Lab Careers,Research,DDD_teamblind
Pride Tours NYC Careers,Leisure. Travel & Tourism,DDD_teamblind
mediaservice Careers,Information Services,DDD_teamblind
OhioHealth Careers,Hospital & Health Care,DDD_teamblind
Lineate Careers,Computer Software,DDD_teamblind
Ambyint Careers,Oil & Energy,DDD_teamblind
Vexata Careers,Information Technology & Services,DDD_teamblind
qntfy Careers,Research,DDD_teamblind
Adesto Technologies Careers,Semiconductors,DDD_teamblind
Zilliant Careers,Computer Software,DDD_teamblind
ValueMomentum Careers,Information Technology & Services,DDD_teamblind
7Park Data Careers,Information Services,DDD_teamblind
FlightSafety International Careers,Aviation & Aerospace,DDD_teamblind
Vungle Careers,Marketing & Advertising,DDD_teamblind
Jade Global Careers,Information Technology & Services,DDD_teamblind
US Foods Careers,Food & Beverages,DDD_teamblind
KAS Engineering Careers,Information Technology & Services,DDD_teamblind
KaulZ Consulting Careers,Management Consulting,DDD_teamblind
Newfront Careers,Insurance,DDD_teamblind
StreamLinx Careers,Information Technology & Services,DDD_teamblind
Brooks Running Careers,Retail,DDD_teamblind
Sixt Careers,Leisure. Travel & Tourism,DDD_teamblind
Milwaukee Tool Careers,Consumer Goods,DDD_teamblind
MOAC Careers,Computer & Network Security,DDD_teamblind
Naspers Careers,Internet,DDD_teamblind
PeriShip Careers,Logistics & Supply Chain,DDD_teamblind
Everfi Careers,E-learning,DDD_teamblind
iHerb Careers,Retail,DDD_teamblind
optokey Careers,Medical Device,DDD_teamblind
Vanguard Charitable Careers,Philanthropy,DDD_teamblind
Level Ex Careers,Computer Games,DDD_teamblind
Zemax Careers,Computer Software,DDD_teamblind
6 River Systems. Inc. Careers,Logistics & Supply Chain,DDD_teamblind
Blue Sky Projects Careers,Information Technology & Services,DDD_teamblind
NetSPI Careers,Computer Networking,DDD_teamblind
Pulse Secure Careers,Computer Networking,DDD_teamblind
Navico Careers,Consumer Electronics,DDD_teamblind
Kern Family Health Care Careers,Hospital & Health Care,DDD_teamblind
Infragistics Careers,Computer Software,DDD_teamblind
DoiT International Careers,Computer Software,DDD_teamblind
Periscope Data Careers,Computer Software,DDD_teamblind
Arrowstreet Capital Careers,Investment Management,DDD_teamblind
Ameren Careers,Utilities,DDD_teamblind
Starboard Cruise Services Careers,Retail,DDD_teamblind
Arkansas Department of Education Careers,Government Administration,DDD_teamblind
Overstock Careers,Internet,DDD_teamblind
DNC Careers,Civic & Social Organization,DDD_teamblind
Qualitest Careers,Information Technology & Services,DDD_teamblind
Simplify Healthcare Careers,Information Technology & Services,DDD_teamblind
Takko Careers,Entertainment,DDD_teamblind
Avistar Careers,Computer Software,DDD_teamblind
Apache Software Foundation Careers,Computer Software,DDD_teamblind
Voya Financial Careers,Financial Services,DDD_teamblind
The Libman Company Careers,Consumer Goods,DDD_teamblind
Checkr Careers,Internet,DDD_teamblind
Nauto Careers,Automotive,DDD_teamblind
RPA Careers,Marketing & Advertising,DDD_teamblind
Kraferd Careers,Computer Software,DDD_teamblind
H Mart Careers,Retail,DDD_teamblind
Itiviti Careers,Computer Software,DDD_teamblind
Theory Careers,Apparel. Fashion & Luxury,DDD_teamblind
Willing Careers,Internet,DDD_teamblind
Aristotle Careers,Investment Management,DDD_teamblind
Diebold Nixdorf Careers,Information Technology & Services,DDD_teamblind
Micron Careers,Semiconductors,DDD_teamblind
Publicis Sapient Careers,Information Technology & Services,DDD_teamblind
wardbrew Careers,Information Technology & Services,DDD_teamblind
eversai Careers,Business Supplies & Equipment,DDD_teamblind
HeartFlow Careers,Medical Device,DDD_teamblind
Galderma Careers,Pharmaceuticals,DDD_teamblind
Numerati Careers,Research,DDD_teamblind
LeapYear Careers,Computer Software,DDD_teamblind
Big Idea Group Careers,Marketing & Advertising,DDD_teamblind
MUFG Careers,Financial Services,DDD_teamblind
Georgia-Pacific Careers,Materials & Manufacturing,DDD_teamblind
Hyundai Motor Careers,Automotive,DDD_teamblind
Fullscreen Careers,Broadcast & Online Media,DDD_teamblind
rideOS Careers,Computer Software,DDD_teamblind
HSBC Careers,Financial Services,DDD_teamblind
Digital Realty Careers,Information Technology & Services,DDD_teamblind
Petco Careers,Retail,DDD_teamblind
Crate & Barrel Careers,Retail,DDD_teamblind
Private Health Management Careers,Hospital & Health Care,DDD_teamblind
Patra Corporation Careers,Insurance,DDD_teamblind
Smith & Nephew Careers,Medical Device,DDD_teamblind
nyana Careers,Computer Software,DDD_teamblind
Alterra Mountain Company Careers,Leisure. Travel & Tourism,DDD_teamblind
SociÃ©tÃ© GÃ©nÃ©rale Careers,Financial Services,DDD_teamblind
Sema4 Careers,Biotechnology,DDD_teamblind
Avlino Careers,Computer Software,DDD_teamblind
Dunkin Donuts Careers,Restaurants,DDD_teamblind
Prisma Health Careers,Hospital & Health Care,DDD_teamblind
Experis Careers,Staffing & Recruiting,DDD_teamblind
Conagra Brands Careers,Food & Beverages,DDD_teamblind
healthmine Careers,Health. Wellness & Fitness,DDD_teamblind
Thomson Reuters Careers,Financial Services,DDD_teamblind
Syntel Careers,Information Technology & Services,DDD_teamblind
Compuware Careers,Computer Software,DDD_teamblind
Ohio Computer Medix Careers,Information Technology & Services,DDD_teamblind
British American Tobacco Careers,Consumer Goods,DDD_teamblind
Zoom Careers,Information Technology & Services,DDD_teamblind
Strike Careers,Oil & Energy,DDD_teamblind
Proxima Careers,Management Consulting,DDD_teamblind
Canoo Careers,Automotive,DDD_teamblind
datasonar Careers,Computer Software,DDD_teamblind
Worklete Careers,Computer Software,DDD_teamblind
Netherlands Foreign Investment Agency Careers,Trade & Development,DDD_teamblind
Radiance Technologies Careers,Defense & Space,DDD_teamblind
Veo Careers,Internet,DDD_teamblind
adMarketplace Careers,Internet,DDD_teamblind
Heflin Search Partners Careers,Information Technology & Services,DDD_teamblind
Tangerine Global Careers,Entertainment,DDD_teamblind
Speedway Careers,Retail,DDD_teamblind
Zycus Careers,Computer Software,DDD_teamblind
reNature Careers,Materials & Manufacturing,DDD_teamblind
Wiley Careers,Newspapers & Publishing,DDD_teamblind
Thales Careers,Information Technology & Services,DDD_teamblind
Outdoorsy Careers,Internet,DDD_teamblind
Arc.dev Careers,Internet,DDD_teamblind
Voxy Careers,E-learning,DDD_teamblind
North American Lighting Careers,Automotive,DDD_teamblind
Ontario Teachers'â Pension Plan Careers,Investment Management,DDD_teamblind
LeadGenius Careers,Computer Software,DDD_teamblind
sartura Careers,Computer Software,DDD_teamblind
RevMed Group Careers,Hospital & Health Care,DDD_teamblind
Mallinckrodt Pharmaceuticals Careers,Pharmaceuticals,DDD_teamblind
Cisco Careers,Computer Networking,DDD_teamblind
Energy Solutions Careers,Environmental Services,DDD_teamblind
H&M Careers,Retail,DDD_teamblind
Heslil Careers,Computer Software,DDD_teamblind
Citadel Careers,Information Technology & Services,DDD_teamblind
Paytm Money Careers,Investment Management,DDD_teamblind
Savvy Careers,Real Estate,DDD_teamblind
TripAdvisor Careers,Internet,DDD_teamblind
Aptible Careers,Computer Software,DDD_teamblind
PARC Careers,Research,DDD_teamblind
Abaco Systems. Inc. Careers,Computer Hardware,DDD_teamblind
HelpSystems Careers,Computer Software,DDD_teamblind
Victory Tailgate Careers,Retail,DDD_teamblind
Acumatica Careers,Computer Software,DDD_teamblind
The Bozzuto Group Careers,Real Estate,DDD_teamblind
Inmar Careers,Information Technology & Services,DDD_teamblind
Mavenir Careers,Telecommunications,DDD_teamblind
Snowflake Careers,Computer Software,DDD_teamblind
X5 Retail Group Careers,Retail,DDD_teamblind
Inova Software Careers,Computer Software,DDD_teamblind
BallotReady Careers,Computer Software,DDD_teamblind
Qlik Careers,Computer Software,DDD_teamblind
Collins Aerospace Careers,Aviation & Aerospace,DDD_teamblind
Knockaway. Inc. Careers,Internet,DDD_teamblind
Humana Careers,Health. Wellness & Fitness,DDD_teamblind
Orchard Therapeutics Careers,Biotechnology,DDD_teamblind
Tracer Careers,Internet,DDD_teamblind
Compass Careers,Defense & Space,DDD_teamblind
cyclingsportsgroup Careers,Retail,DDD_teamblind
Lumileds Careers,Semiconductors,DDD_teamblind
MaxLinear Careers,Computer Hardware,DDD_teamblind
First Help Financial Careers,Financial Services,DDD_teamblind
Luxottica Careers,Apparel. Fashion & Luxury,DDD_teamblind
ModelOp Careers,Information Technology & Services,DDD_teamblind
INVISTA Careers,Chemicals,DDD_teamblind
Carrier Careers,Mechanical & Industrial Engineering,DDD_teamblind
Yorke Engineering Careers,Environmental Services,DDD_teamblind
Kenna Security Careers,Computer & Network Security,DDD_teamblind
BuildOps Careers,Computer Software,DDD_teamblind
TruU Careers,Computer & Network Security,DDD_teamblind
Headway Technologies Careers,Computer Hardware,DDD_teamblind
ASUS Careers,Computer Hardware,DDD_teamblind
Clubspeed Careers,Computer Software,DDD_teamblind
City of Long Beach Careers,Government Administration,DDD_teamblind
American Electric Power Careers,Oil & Energy,DDD_teamblind
Enigma Careers,Computer Software,DDD_teamblind
Zenlist Careers,Real Estate,DDD_teamblind
Justworks Careers,Human Resources,DDD_teamblind
Solid Cage Careers,Information Technology & Services,DDD_teamblind
Colony Display Careers,Retail,DDD_teamblind
Verys Careers,Information Technology & Services,DDD_teamblind
DECATHLON FRANCE Careers,Retail,DDD_teamblind
onsemi Careers,Semiconductors,DDD_teamblind
The Orchard Careers,Entertainment,DDD_teamblind
Eurofins Careers,Biotechnology,DDD_teamblind
RentPath Careers,Internet,DDD_teamblind
Riiid Labs Careers,Information Technology & Services,DDD_teamblind
H&R Block Careers,Retail,DDD_teamblind
Miro Careers,Computer Software,DDD_teamblind
STX Entertainment Careers,Entertainment,DDD_teamblind
Mastek Careers,Information Technology & Services,DDD_teamblind
Hyundai Capital America Careers,Financial Services,DDD_teamblind
eClerx Careers,Information Technology & Services,DDD_teamblind
Federal Reserve Bank of Boston Careers,Financial Services,DDD_teamblind
ComCard Careers,Banking,DDD_teamblind
Yoodle Careers,Marketing & Advertising,DDD_teamblind
McKinsey & Company Careers,Financial Services,DDD_teamblind
cognigy Careers,Information Technology & Services,DDD_teamblind
Backbase Careers,Internet,DDD_teamblind
American Water Careers,Utilities,DDD_teamblind
New Flyer Careers,Transportation. Trucking & Rail,DDD_teamblind
Avanade Careers,Information Technology & Services,DDD_teamblind
Enel Careers,Utilities,DDD_teamblind
The Art of Living Careers,Non-Profit Organization,DDD_teamblind
Ringcentral Careers,Telecommunications,DDD_teamblind
Cummins Careers,Automotive,DDD_teamblind
Liferay Careers,Computer Software,DDD_teamblind
American Century Investments Careers,Investment Management,DDD_teamblind
Regeneron Careers,Biotechnology,DDD_teamblind
Emergere Careers,Information Technology & Services,DDD_teamblind
ProQuest Careers,Libraries. Museums & Institutions,DDD_teamblind
ADTRAN Careers,Computer Networking,DDD_teamblind
ICF Careers,Management Consulting,DDD_teamblind
minsait Careers,Information Technology & Services,DDD_teamblind
Calm Careers,Health. Wellness & Fitness,DDD_teamblind
LifeOmic Careers,Computer Software,DDD_teamblind
Under Armour Careers,Retail,DDD_teamblind
Ultra Mobile Careers,Telecommunications,DDD_teamblind
cellulant Careers,Financial Services,DDD_teamblind
PRO Unlimited Careers,Information Technology & Services,DDD_teamblind
GateKeeper Careers,Computer & Network Security,DDD_teamblind
Mircom Group of Companies Careers,Electrical & Electronic Manufacturing,DDD_teamblind
Second Measure Careers,Information Technology & Services,DDD_teamblind
vbs Careers,Human Resources,DDD_teamblind
Kenshoo Careers,Internet,DDD_teamblind
GridX Careers,Computer Software,DDD_teamblind
MITRE Careers,Information Technology & Services,DDD_teamblind
MediaPlatform Careers,Computer Software,DDD_teamblind
Lonza Careers,Biotechnology,DDD_teamblind
Accellion Careers,Computer Software,DDD_teamblind
GIC Careers,Investment Management,DDD_teamblind
Gem Careers,Computer Software,DDD_teamblind
Activision Blizzard Careers,Computer Games,DDD_teamblind
SmileDirectClub Careers,Cosmetics,DDD_teamblind
Clever Careers,Internet,DDD_teamblind
Vim Careers,Computer Software,DDD_teamblind
Aveshka Careers,Information Technology & Services,DDD_teamblind
LINE Corp. Careers,Retail,DDD_teamblind
Analog Devices Careers,Semiconductors,DDD_teamblind
Verily Careers,Medical Device,DDD_teamblind
K2 Careers,Computer Software,DDD_teamblind
Sysco Careers,Food & Beverages,DDD_teamblind
BankFolio Careers,Financial Services,DDD_teamblind
LiveStories Careers,Information Services,DDD_teamblind
R.R. Donnelley Careers,Marketing & Advertising,DDD_teamblind
Innovative Systems Careers,Information Technology & Services,DDD_teamblind
Lifespan Careers,Hospital & Health Care,DDD_teamblind
Fractal Careers,Management Consulting,DDD_teamblind
SVXR Careers,Semiconductors,DDD_teamblind
MedeAnalytics Careers,Computer Software,DDD_teamblind
Progressive Leasing Careers,Financial Services,DDD_teamblind
Clear C2 Careers,Computer Software,DDD_teamblind
MGM Careers,Entertainment,DDD_teamblind
Charlotte Tilbury Beauty Careers,Cosmetics,DDD_teamblind
INDUSTRY Careers,Design,DDD_teamblind
Circle Careers,Financial Services,DDD_teamblind
Duolingo Careers,Internet,DDD_teamblind
Vinovest Careers,Internet,DDD_teamblind
PATH Careers,Medical Device,DDD_teamblind
Microdesk Careers,Computer Software,DDD_teamblind
Veritis Careers,Information Technology & Services,DDD_teamblind
Global Equipment Services Careers,Semiconductors,DDD_teamblind
Ripple Careers,Financial Services,DDD_teamblind
TDI Careers,Defense & Space,DDD_teamblind
Checkbook Careers,Financial Services,DDD_teamblind
Continental Electrical Construction Careers,Electrical & Electronic Manufacturing,DDD_teamblind
Center for Creative Leadership Careers,Human Resources,DDD_teamblind
Mercado Libre Careers,Internet,DDD_teamblind
Stellium Careers,Management Consulting,DDD_teamblind
Auris Health Careers,Medical Device,DDD_teamblind
JDA Software Careers,Computer Software,DDD_teamblind
Health First Careers,Hospital & Health Care,DDD_teamblind
AlphaSights Careers,Information Services,DDD_teamblind
Warner Bros. Entertainment Careers,Broadcast & Online Media,DDD_teamblind
Abiomed Careers,Medical Device,DDD_teamblind
System Soft Technologies Careers,Information Technology & Services,DDD_teamblind
Anthem Careers,Financial Services,DDD_teamblind
Ad Hoc LLC Careers,Computer Software,DDD_teamblind
BETSOL Careers,Information Technology & Services,DDD_teamblind
