company_name,company_industry,company_headquarters,file_name
Proteus Digital Health Careers,Pharmaceuticals,"Redwood City, CA",DDD_teamblind
Zelis Careers,Information Technology & Services,"Bedminster, NJ",DDD_teamblind
UpNest Careers,Real Estate,"Burlingame, CA",DDD_teamblind
conferacity Careers,Broadcast & Online Media,"Menlo Park, CA",DDD_teamblind
Zenoti Careers,Computer Software,"Bellevue, WA",DDD_teamblind
LeaseLock Careers,Insurance,"Marina del Rey, CA",DDD_teamblind
Kespry Careers,Computer Software,"Menlo Park, CA",DDD_teamblind
NewsCred Careers,Marketing & Advertising,"New York, NY",DDD_teamblind
Brane Enterprises Careers,Information Technology & Services,"Hyderabad, India",DDD_teamblind
Markel Careers,Insurance,"Glen Allen, VA",DDD_teamblind
ESO Fund Careers,Venture Capital & Private Equity,"San Mateo, CA",DDD_teamblind
Indigo Ag Careers,Food & Beverages,"Boston, MA",DDD_teamblind
"MSIG Holdings (Americas), Inc. Careers",Insurance,"Warren, NJ",DDD_teamblind
MindGeek Careers,Internet,"Luxembourg City, Luxembourg",DDD_teamblind
ForeScout Technologies Careers,Computer & Network Security,"San Jose, CA",DDD_teamblind
Marketplace Careers,Broadcast & Online Media,"Los Angeles, CA",DDD_teamblind
SanDisk Careers,Semiconductors,"Milpitas, CA",DDD_teamblind
Wag Careers,Consumer Goods,"Mountain View, CA",DDD_teamblind
Maisonette Careers,"Apparel, Fashion & Luxury","Brooklyn, NY",DDD_teamblind
Fox Thermal Careers,Industrial Automation,"Marina, CA",DDD_teamblind
Optimity Advisors Careers,Management Consulting,"Washington, DC",DDD_teamblind
potenit Careers,Information Technology & Services,"San Jose, CA",DDD_teamblind
Plexus Careers,Computer Hardware,"Neenah, WI",DDD_teamblind
CureMatch Careers,Biotechnology,"San Diego, CA",DDD_teamblind
intertrend communications Careers,Marketing & Advertising,"Long Beach, CA",DDD_teamblind
Emotive Careers,Computer Software,"Los Angeles, CA",DDD_teamblind
JOOR Careers,Internet,"New York, NY",DDD_teamblind
BLEND360 Careers,Marketing & Advertising,"Columbia, MD",DDD_teamblind
AT&T Careers,Telecommunications,"Dallas, TX",DDD_teamblind
NVISIA Careers,Computer Software,"Chicago, IL",DDD_teamblind
mastery Careers,Computer Software,"Chicago, IL",DDD_teamblind
Levi Strauss & Co. Careers,"Apparel, Fashion & Luxury","San Francisco, CA",DDD_teamblind
X-Team Careers,Internet,"Austin, TX",DDD_teamblind
RSE Careers,Marketing & Advertising,"Sacramento, CA",DDD_teamblind
Holland & Knight Careers,Legal Services,"Miami, FL",DDD_teamblind
Mystery Science Careers,E-learning,"San Francisco, CA",DDD_teamblind
Rxadvance Corp Careers,Information Technology & Services,"Southborough, MA",DDD_teamblind
ArcelorMittal Careers,Materials & Manufacturing,"Luxembourg, Luxembourg",DDD_teamblind
Webflow Careers,Computer Software,"San Francisco, CA",DDD_teamblind
NAPCO Careers,Electrical & Electronic Manufacturing,"Amityville, NY",DDD_teamblind
TreeHouse Foods Careers,Food & Beverages,"Oak Brook, IL",DDD_teamblind
Amadeus Careers,Information Technology & Services,"Madrid, Spain",DDD_teamblind
Critical Start Careers,Information Technology & Services,"Plano, TX",DDD_teamblind
Korn Ferry Careers,Management Consulting,"Los Angeles, CA",DDD_teamblind
L&T Technology Services Careers,Information Technology & Services,"Vadodara, India",DDD_teamblind
mParticle Careers,Internet,"New York, NY",DDD_teamblind
BrightEdge Careers,Computer Software,"Foster City, CA",DDD_teamblind
JS Products Careers,Wholesale,"Las Vegas, NV",DDD_teamblind
WorkFusion Careers,Computer Software,"New York, NY",DDD_teamblind
Marathon Petroleum Careers,Oil & Energy,"Findlay, OH",DDD_teamblind
Pearson Careers,Broadcast & Online Media,"London, United Kingdom",DDD_teamblind
International Paper Careers,Materials & Manufacturing,"Memphis, TN",DDD_teamblind
IntelliScience Careers,Computer Software,"Boise, ID",DDD_teamblind
Klaviyo Careers,Internet,"Boston, MA",DDD_teamblind
Narwal Careers,Information Technology & Services,"Cincinnati, OH",DDD_teamblind
Expanded Impact Careers,Human Resources,"San Francisco, CA",DDD_teamblind
Carta Careers,Computer Software,"Palo Alto, CA",DDD_teamblind
Embark Trucks Careers,"Transportation, Trucking & Rail","San Francisco, CA",DDD_teamblind
Spreedly Careers,Information Technology & Services,"Durham, NC",DDD_teamblind
Key Lime Interactive Careers,Information Technology & Services,"Doral, FL",DDD_teamblind
Sonos Careers,Computer Hardware,"Santa Barbara, CA",DDD_teamblind
Aflac Careers,Insurance,"Columbus, GA",DDD_teamblind
Transfix Careers,Logistics & Supply Chain,"New York, NY",DDD_teamblind
Clarity Insights Careers,Information Technology & Services,"Chicago, IL",DDD_teamblind
Ahmadiyya Muslim Community Careers,Religious Institutions,"Vaughan, Ontario",DDD_teamblind
Holman Parts Distribution Careers,Automotive,"Pennsauken, NJ",DDD_teamblind
Ball Corporation Careers,Materials & Manufacturing,"Broomfield, CO",DDD_teamblind
Alliance Inspection Management Careers,Automotive,"Long Beach, CA",DDD_teamblind
Medix Careers,Staffing & Recruiting,"Chicago, IL",DDD_teamblind
Xilinx Careers,Semiconductors,"San Jose, CA",DDD_teamblind
Fiserv Careers,Information Technology & Services,"Brookfield, WI",DDD_teamblind
RWDI Careers,Civil Engineering,"Guelph, Ontario",DDD_teamblind
Instabase Careers,Computer Software,"San Francisco, CA",DDD_teamblind
Joveo Careers,Computer Software,"Redwood City, CA",DDD_teamblind
Workday Careers,Computer Software,"Pleasanton, CA",DDD_teamblind
NS1 Careers,Internet,"New York, NY",DDD_teamblind
Helpshift Careers,Internet,"San Francisco, CA",DDD_teamblind
syntax Careers,Information Technology & Services,"Montreal, QC",DDD_teamblind
TPG Careers,Investment Management,"San Francisco, CA",DDD_teamblind
AXA Equitable Life Careers,Insurance,"New York, NY",DDD_teamblind
Heali Careers,"Health, Wellness & Fitness","Santa Monica, CA",DDD_teamblind
Total Wine & More Careers,Retail,"Bethesda, MD",DDD_teamblind
Hylink Digital Solutions Careers,Marketing & Advertising,"Beijing, China",DDD_teamblind
Advyzon Careers,Financial Services,"Chicago, IL",DDD_teamblind
Workfront Careers,Computer Software,"Lehi, UT",DDD_teamblind
WineDirect Careers,Food & Beverages,"American Canyon, CA",DDD_teamblind
ThousandEyes Careers,Internet,"San Jose, CA",DDD_teamblind
Vectra AI Careers,Computer & Network Security,"San Jose, CA",DDD_teamblind
Kingland Systems Careers,Information Technology & Services,"Clear Lake, IA",DDD_teamblind
WideOrbit Careers,Computer Software,"San Francisco, CA",DDD_teamblind
Sila Careers,Financial Services,"King Of Prussia, PA",DDD_teamblind
Schaeffler Careers,Mechanical & Industrial Engineering,"Herzogenaurach, Germany",DDD_teamblind
Securonix Careers,Information Technology & Services,"Addison, TX",DDD_teamblind
Natixis Careers,Financial Services,"Paris, France",DDD_teamblind
Freudenberg Group Careers,Automotive,"Weinheim, Germany",DDD_teamblind
Much Careers,Legal Services,"Chicago, IL",DDD_teamblind
OPS Careers,Logistics & Supply Chain,"Grand Prairie, TX",DDD_teamblind
Voicy.AI Careers,Computer Software,"San Francisco, CA",DDD_teamblind
128 Technology Careers,Information Technology & Services,"Burlington, MA",DDD_teamblind
Vacasa Careers,"Leisure, Travel & Tourism","Portland, OR",DDD_teamblind
Quip Careers,Computer Software,"San Francisco, CA",DDD_teamblind
SolarCity Careers,Environmental Services,"San Mateo, CA",DDD_teamblind
Tech Mahindra Careers,Information Technology & Services,"Pune, India",DDD_teamblind
Airlines Reporting Corp. Careers,Information Technology & Services,"Arlington, VA",DDD_teamblind
The Organic Recruiter Careers,Staffing & Recruiting,"Los Angeles, CA",DDD_teamblind
Tomorrowish Careers,Internet,"Boston, NY",DDD_teamblind
Upgrade Careers,Financial Services,"San Francisco, CA",DDD_teamblind
SAC Wireless Careers,Telecommunications,"Chicago, IL",DDD_teamblind
Tucows Careers,Information Technology & Services,"Toronto, Canada",DDD_teamblind
Sixth Man Careers,Computer Software,"Atlanta, GA",DDD_teamblind
Hawthorn Careers,Financial Services,"Pittsburgh, PA",DDD_teamblind
OpenGov Inc. Careers,Internet,"Redwood City, CA",DDD_teamblind
ITC Limited Careers,Consumer Goods,"Kolkata, India",DDD_teamblind
SmartStudy Careers,Entertainment,"Seoul, South Korea",DDD_teamblind
Masterclass Careers,E-learning,"San Francisco, CA",DDD_teamblind
ACS Solutions Careers,Information Technology & Services,"Duluth, GA",DDD_teamblind
zuumers Careers,Consumer Electronics,"San Francisco, CA",DDD_teamblind
DocuSign Careers,Computer Software,"Seattle, WA",DDD_teamblind
King Street Capital Management Careers,Investment Management,"New York, NY",DDD_teamblind
Inknown Careers,Internet,"San Jose, CA",DDD_teamblind
Blackhawk Network Careers,Financial Services,"Pleasanton, CA",DDD_teamblind
Northrop Grumman Federal Credit Union Careers,Banking,"Gardena, CA",DDD_teamblind
Syapse Careers,Information Technology & Services,"San Francisco, CA",DDD_teamblind
Bigbelly Careers,Environmental Services,"Needham, MA",DDD_teamblind
Track Revenue Careers,Information Technology & Services,"San Francisco, CA",DDD_teamblind
Bloomberg Industry Group Careers,Information Services,"Arlington, VA",DDD_teamblind
Neato Robotics Careers,Consumer Electronics,"San Jose, CA",DDD_teamblind
Bold Commerce Careers,Information Technology & Services,"Winnipeg, Canada",DDD_teamblind
Keysight Technologies Careers,Computer Hardware,"Santa Rosa, CA",DDD_teamblind
Viziworx Creative Careers,Marketing & Advertising,"Virginia Beach, VA",DDD_teamblind
Credibility Capital Careers,Financial Services,"Newark, NJ",DDD_teamblind
Melio Careers,Financial Services,"New York, NY",DDD_teamblind
NRC Health Careers,Hospital & Health Care,"Lincoln, NE",DDD_teamblind
Qontigo Careers,Financial Services,"Eschborn, Germany",DDD_teamblind
CipherHealth Careers,Hospital & Health Care,"New York, NY",DDD_teamblind
Oriental Trading Company Careers,Retail,"Omaha, NE",DDD_teamblind
HHAeXchange Careers,Computer Software,"New York, NY",DDD_teamblind
Postscript Careers,Internet,"San Francisco, CA",DDD_teamblind
Leap Careers,Internet,"ingapore, Singapore",DDD_teamblind
McAfee Careers,Computer & Network Security,"Santa Clara, CA",DDD_teamblind
Mouser Electronics Careers,Electrical & Electronic Manufacturing,"Mansfield, TX",DDD_teamblind
Logic20/20 Careers,Management Consulting,"Seattle, WA",DDD_teamblind
LP3 Careers,Computer & Network Security,"Fairfax, VA",DDD_teamblind
Elementum Careers,Computer Software,"San Mateo, CA",DDD_teamblind
Ant Financial Careers,Internet,"Hangzhou, China",DDD_teamblind
FPT Software Careers,Information Technology & Services,"Hanoi, Vietnam",DDD_teamblind
mediaset Careers,Broadcast & Online Media,"Milan, Italy",DDD_teamblind
Lithium Technologies Careers,Computer Software,"San Francisco, CA",DDD_teamblind
Healthgrades Careers,Hospital & Health Care,"Denver, CO",DDD_teamblind
Kinesso Careers,Marketing & Advertising,"New York, NY",DDD_teamblind
Prolific Interactive Careers,Marketing & Advertising,"Brooklyn, NY",DDD_teamblind
"Edison Energy, LLC Careers",Environmental Services,"Newport Beach, CA",DDD_teamblind
Kirkland & Ellis LLP Careers,Legal Services,"Chicago, IL",DDD_teamblind
Serverless Inc. Careers,Computer Software,"San Francisco, CA",DDD_teamblind
Wise Ltd. Careers,Financial Services,"London, United Kingdom",DDD_teamblind
Sun Life Financial Careers,Financial Services,"Toronto, Canada",DDD_teamblind
Fundbox Careers,Information Technology & Services,"San Francisco, CA",DDD_teamblind
Greenhill & Co. Careers,Investment Banking,"New York, NY",DDD_teamblind
SoftFinity Careers,Computer Software,"San Francisco, CA",DDD_teamblind
Voyager Careers,Financial Services,"Jersey City, NJ",DDD_teamblind
DNSFilter Careers,Internet,"Washington, DC",DDD_teamblind
LeetCode Careers,Information Technology & Services,"Palo Alto, CA",DDD_teamblind
R1 RCM Careers,Hospital & Health Care,"Chicago, IL",DDD_teamblind
NEX Careers,Financial Services,"London, United Kingdom",DDD_teamblind
ICBC Careers,Financial Services,"Vancouver, BC",DDD_teamblind
Foot Locker Careers,Retail,"New York, NY",DDD_teamblind
class central Careers,E-learning,"Mountain View, CA",DDD_teamblind
Paddy Power Betfair Careers,Entertainment,"Dublin, Ireland",DDD_teamblind
Coty Careers,Cosmetics,"Amsterdam, Netherlands",DDD_teamblind
Dtex Systems Careers,Computer Software,"San Jose, CA",DDD_teamblind
HARVEST POINT MINISTRIES Careers,Religious Institutions,"La Porte, TX",DDD_teamblind
WEX Careers,Financial Services,"Portland, ME",DDD_teamblind
CNA Insurance Careers,Insurance,"Chicago, IL",DDD_teamblind
BlinkUX Careers,Design,"Seattle, WA",DDD_teamblind
Alloy Careers,Computer Software,"New York, NY",DDD_teamblind
Podium Careers,Computer Software,"Lehi, UT",DDD_teamblind
FormFactor Careers,Semiconductors,"Livermore, CA",DDD_teamblind
ADVA Careers,Telecommunications,"Norcross, GA",DDD_teamblind
Cornerstone Careers,Computer Software,"Santa Monica, CA",DDD_teamblind
ASAPP Careers,Computer Software,"New York, NY",DDD_teamblind
Pike13 Careers,Computer Software,"Seattle, WA",DDD_teamblind
ServiceMaster Careers,Consumer Services,"Memphis, TN",DDD_teamblind
Kyruus Careers,Hospital & Health Care,"Boston, MA",DDD_teamblind
Logitech Careers,Computer Hardware,"Lausanne, Switzerland",DDD_teamblind
Ring Careers,Telecommunications,"Santa Monica, CA",DDD_teamblind
Transamerica Careers,Financial Services,"Baltimore, MD",DDD_teamblind
plantx Careers,Internet,"Vancouver, BC",DDD_teamblind
National Instruments Careers,Computer Hardware,"Austin, TX",DDD_teamblind
Integrated Device Technology Careers,Semiconductors,"San Jose, CA",DDD_teamblind
FAR Careers,Computer & Network Security,"New York, NY",DDD_teamblind
BitTiger Careers,E-learning,"Santa Clara, CA",DDD_teamblind
Philips International Careers,Real Estate,"New York, NY",DDD_teamblind
Landis+Gyr Careers,Computer Networking,"Zug, Switzerland",DDD_teamblind
Area51 Careers,Information Technology & Services,"San Francisco, CA",DDD_teamblind
Reliance Industries Careers,Oil & Energy,"Navi Mumbai, India",DDD_teamblind
Ten-X Careers,Financial Services,"Irvine, CA",DDD_teamblind
Calico Careers,Hospital & Health Care,"San Francisco, CA",DDD_teamblind
RoundPoint Careers,Financial Services,"Fort Mill, SC",DDD_teamblind
New Coast Ventures Careers,Computer Software,"Chicago, IL",DDD_teamblind
Gento Careers,Hospital & Health Care,"Los Angeles, CA",DDD_teamblind
AVL Careers,Automotive,"Graz, Austria",DDD_teamblind
Nuance Communications Careers,Computer Software,"Burlington, MA",DDD_teamblind
nususc Careers,Education Management,"Singapore, Singapore",DDD_teamblind
August Home Careers,Consumer Electronics,"San Francisco, CA",DDD_teamblind
Conviva Careers,Internet,"Foster City, CA",DDD_teamblind
UMR Careers,Hospital & Health Care,"Alexandria, VA",DDD_teamblind
Curriculum Associates Careers,Newspapers & Publishing,"North Billerica, MA",DDD_teamblind
Algolux Careers,Computer Software,"Montreal, Canada",DDD_teamblind
CloudAcademy Careers,Information Technology & Services,"San Francisco, CA",DDD_teamblind
SmartPak Equine LLC Careers,Retail,"Plymouth, MA",DDD_teamblind
MyFitnessPal Careers,Internet,"San Francisco, CA",DDD_teamblind
SCE Careers,Utilities,"Rosemead, CA",DDD_teamblind
Ally Financial Careers,Financial Services,"Detroit, MI",DDD_teamblind
Autonomous Healthcare Careers,Medical Device,"New York, NY",DDD_teamblind
Broadridge Careers,Financial Services,"Lake Success, NY",DDD_teamblind
Mothership Careers,Logistics & Supply Chain,"Austin, TX",DDD_teamblind
scrumconnect Careers,Computer Software,"London, United Kingdom",DDD_teamblind
Texas Education Agency Careers,Government Administration,"Austin, TX",DDD_teamblind
STATE Careers,Higher Education,"Los Angeles, CA",DDD_teamblind
BBC Careers,Broadcast & Online Media,,DDD_teamblind
VeriSign Careers,Internet,"Reston, VA",DDD_teamblind
ZUME Pizza Careers,Food & Beverages,"Camarillo, California",DDD_teamblind
NERA Economic Consulting Careers,Management Consulting,"New York, NY",DDD_teamblind
Webby Central Careers,Information Technology & Services,"Walpole, MA",DDD_teamblind
First Citizens Bank Careers,Financial Services,"Raleigh, NC",DDD_teamblind
Availity Careers,Information Technology & Services,"Jacksonville, FL",DDD_teamblind
Oath Careers,Internet,"New York, NY",DDD_teamblind
St Kilda Football Club Careers,Retail,"Moorabbin, Australia",DDD_teamblind
Appier Careers,Information Technology & Services,"Taipei, Taiwan",DDD_teamblind
Aha! Careers,Computer Software,"San Francisco, CA",DDD_teamblind
advanced.farm Careers,Industrial Automation,"Davis, CA",DDD_teamblind
PicoCandy Careers,Internet,"Singapore, Singapore",DDD_teamblind
Viceroy Solutions Careers,Staffing & Recruiting,"Lenexa, KS",DDD_teamblind
Compass Group Careers,Food & Beverages,"Chertsey, England",DDD_teamblind
DrFirst Careers,Hospital & Health Care,"Rockville, MD",DDD_teamblind
Excella Careers,Information Technology & Services,"Arlington, VA",DDD_teamblind
Twitter Careers,Internet,"San Francisco, CA",DDD_teamblind
Annaly Careers,Financial Services,"New York, NY",DDD_teamblind
Paravision Careers,Computer Software,"San Francisco, CA",DDD_teamblind
Joist Careers,Information Technology & Services,"Toronto, Canada",DDD_teamblind
Blue Newt Software Careers,Computer Software,"Ann Arbor, MI",DDD_teamblind
CityMD Careers,Hospital & Health Care,"New York, NY",DDD_teamblind
Homes.com Careers,Real Estate,"Norfolk, VA",DDD_teamblind
Johnson & Johnson Careers,Hospital & Health Care,"New Brunswick, NJ",DDD_teamblind
Discovery Careers,Entertainment,"New York, NY",DDD_teamblind
Volkswagen of America Careers,Automotive,"Herndon, VA",DDD_teamblind
Audi Careers,Automotive,"Ingolstadt, Germany",DDD_teamblind
Waltham Clinic Careers,Hospital & Health Care,"Waltham, MA",DDD_teamblind
LER TechForce Careers,Staffing & Recruiting,"Columbus, IN",DDD_teamblind
NEPC Careers,Financial Services,"Boston, MA",DDD_teamblind
Whova Careers,Computer Software,"San Diego, CA",DDD_teamblind
Statista Careers,Information Technology & Services,"Hamburg, Germany",DDD_teamblind
Molex Careers,Computer Hardware,"Lisle, IL",DDD_teamblind
Canadian Pacific Railway Careers,"Transportation, Trucking & Rail","Calgary, Alberta",DDD_teamblind
DC Government Careers,Government Administration,"Washington, DC",DDD_teamblind
Signal Careers,Internet,"San Francisco, CA",DDD_teamblind
Litmus7 Careers,Information Technology & Services,"San Francisco, CA",DDD_teamblind
6sense Careers,Information Technology & Services,"San Francisco, CA",DDD_teamblind
Dapi Careers,Financial Services,"San Francisco, CA",DDD_teamblind
Bosch Careers,Mechanical & Industrial Engineering,"Gerlingen, Germany",DDD_teamblind
Point72 Careers,Financial Services,"Stamford, CT",DDD_teamblind
Black Hills Solutions Careers,Information Technology & Services,"Box Elder, SD",DDD_teamblind
City Schools of Decatur Careers,Primary & Secondary Education,"Decatur, GA",DDD_teamblind
Girls on the Run International Careers,Non-Profit Organization,"Charlotte, NC",DDD_teamblind
Cognizant Careers,Information Technology & Services,"Teaneck, NJ",DDD_teamblind
HonorHealth Careers,Hospital & Health Care,"Scottsdale, AZ",DDD_teamblind
Vonage Careers,Information Technology & Services,"Holmdel, NJ",DDD_teamblind
CME Corp. Careers,Hospital & Health Care,"Warwick, RI",DDD_teamblind
Robotic Research Careers,Defense & Space,"Clarksburg, MD",DDD_teamblind
ajmerainfotech Careers,Computer Software,"Ahmedabad, India",DDD_teamblind
StrongArm Tech Careers,Information Technology & Services,"Brooklyn, NY",DDD_teamblind
Bonusly Careers,Internet,"Boulder, CO",DDD_teamblind
FixStream Careers,Information Technology & Services,"San Jose, CA",DDD_teamblind
Jovia Careers,Banking,"Westbury, NY",DDD_teamblind
Bridgewater Associates Careers,Financial Services,"East Coast, New England, Northeastern US",DDD_teamblind
iProspect Careers,Marketing & Advertising,"London, United Kingdom",DDD_teamblind
Evans & Chambers Careers,Information Technology & Services,"Washington, DC",DDD_teamblind
Phone Booth Press Careers,Newspapers & Publishing,"Savannah, GA",DDD_teamblind
IRONSCALES Careers,Information Technology & Services,"Atlanta, GA",DDD_teamblind
Nissan Motor Corporation Careers,Automotive,"Yokohama-shi, Japan",DDD_teamblind
Hello Vino Careers,Food & Beverages,"San Francisco, CA",DDD_teamblind
Emtrain Careers,Internet,"Sacramento, CA",DDD_teamblind
Boosted Careers,Consumer Electronics,"Mountain View, CA",DDD_teamblind
Instart Careers,Computer Software,"Palo Alto, CA",DDD_teamblind
Kapsch Trafficcom Careers,"Transportation, Trucking & Rail","Vienna, Austria",DDD_teamblind
Risk Strategies Careers,Insurance,"Boston, MA",DDD_teamblind
BriteCore Careers,Computer Software,"Springfield, MO",DDD_teamblind
Lambda Careers,Computer Hardware,"San Francisco, CA",DDD_teamblind
MAVERIT Careers,Information Technology & Services,"Allen, SD",DDD_teamblind
North Highland Careers,Management Consulting,"Atlanta, GA",DDD_teamblind
maurices Careers,Retail,"Duluth, MN",DDD_teamblind
Wunderkind Careers,Marketing & Advertising,"New York, NY",DDD_teamblind
Mapbox Careers,Internet,"San Francisco, CA",DDD_teamblind
Ngen Careers,Computer & Network Security,"Lanham, MD",DDD_teamblind
Western Dental & Orthodontics Careers,Hospital & Health Care,"Orange, CA",DDD_teamblind
OCLC Careers,Information Technology & Services,"Dublin, OH",DDD_teamblind
Axiom Space Careers,Aviation & Aerospace,"Houston, TX",DDD_teamblind
Mercari Careers,Internet,"Tokyo, Japan",DDD_teamblind
AccuWeather Careers,Broadcast & Online Media,"State College, PA",DDD_teamblind
coles Careers,Retail,"Melbourne, Australia",DDD_teamblind
Aquent Careers,Staffing & Recruiting,"Boston, MA",DDD_teamblind
DFW Careers,Aviation & Aerospace,"DFW Airport, TX",DDD_teamblind
City of Austin Careers,Government Administration,"Austin, TX",DDD_teamblind
BJSS Careers,Information Technology & Services,"Leeds, United Kingdom",DDD_teamblind
Lob Careers,Computer Software,"San Francisco, CA",DDD_teamblind
Reorg Careers,Financial Services,"New York, NY",DDD_teamblind
Nuro Careers,Information Technology & Services,"Mountain View, CA",DDD_teamblind
Harmonix Music Systems Careers,Computer Games,"Boston, MA",DDD_teamblind
Synthetic Genomics Careers,Biotechnology,"La Jolla, CA",DDD_teamblind
The Daily Californian Careers,Broadcast & Online Media,"Berkeley, CA",DDD_teamblind
Civitas Learning Careers,Education Management,"Austin, TX",DDD_teamblind
Huddle Careers,Computer Software,"London, United Kingdom",DDD_teamblind
Nexon Careers,Computer Games,Tokyo,DDD_teamblind
Multibeam Corporation Careers,Semiconductors,"Santa Clara, CA",DDD_teamblind
Vidyard Careers,Broadcast & Online Media,"Kitchener, Ontario",DDD_teamblind
Resolute Digital Careers,Marketing & Advertising,"New York, NY",DDD_teamblind
Letgo Careers,Internet,"New York, NY",DDD_teamblind
Skillz Careers,Entertainment,"San Francisco, CA",DDD_teamblind
Peet's Coffee & Tea Careers,Retail,"Emeryville, CA",DDD_teamblind
American Tire Distributors Careers,Automotive,"Huntersville, NC",DDD_teamblind
ACTIV Financial Systems Careers,Financial Services,"Chicago, IL",DDD_teamblind
IPG Careers,Marketing & Advertising,"Alpharetta, GA",DDD_teamblind
xerris Careers,Information Technology & Services,"Calgary, Canada",DDD_teamblind
Xactly Careers,Computer Software,"San Jose, CA",DDD_teamblind
Conga Careers,Information Technology & Services,"Broomfield, CO",DDD_teamblind
Got-It AI Careers,Computer Software,"Burlingame, CA",DDD_teamblind
Los Alamos National Laboratory Careers,Research,"Los Alamos, NM",DDD_teamblind
Hillrom Careers,Medical Device,"Chicago, IL",DDD_teamblind
Velocity Careers,Financial Services,"Bengaluru, India",DDD_teamblind
Cigna Careers,"Health, Wellness & Fitness","Bloomfield, CT",DDD_teamblind
Verifi Inc. Careers,Financial Services,"Los Angeles, CA",DDD_teamblind
Los Angeles Times Careers,Newspapers & Publishing,"Los Angeles, CA",DDD_teamblind
HCSS Careers,Computer Software,"Sugar Land, TX",DDD_teamblind
Global Lending Services Careers,Financial Services,"Greenville, SC",DDD_teamblind
Peritus.ai Careers,Computer Software,"Palo Alto, CA",DDD_teamblind
ProSci Careers,Biotechnology,"Fort Collins, CO",DDD_teamblind
erwin Careers,Computer Software,"Melville, NY",DDD_teamblind
VHT Careers,Computer Software,"Akron, OH",DDD_teamblind
REMI Careers,Public Policy,"Amherst, MA",DDD_teamblind
Cornell Surgical Careers,Wholesale,"Bergenfield, NJ",DDD_teamblind
Herff Jones Careers,Consumer Goods,"Indianapolis, IN",DDD_teamblind
Lightspeed Venture Partners Careers,Venture Capital & Private Equity,"Menlo Park, CA",DDD_teamblind
Structural Careers,Internet,"Minneapolis, MN",DDD_teamblind
Committee for Children Careers,Primary & Secondary Education,"Seattle, WA",DDD_teamblind
Nestle Careers,Food & Beverages,"Vevey, Switzerland",DDD_teamblind
Scholastic Careers,Newspapers & Publishing,"New York, NY",DDD_teamblind
CyberCube Careers,Computer Software,"San Francisco, CA",DDD_teamblind
Peak Careers,Information Technology & Services,"Manchester, England",DDD_teamblind
Navient Careers,Financial Services,"Wilmington, DE",DDD_teamblind
BASIC Careers,Human Resources,"Portage, MI",DDD_teamblind
Happyelements Careers,Computer Games,"Beijing, China",DDD_teamblind
Archer Daniels Midland Company Careers,Food & Beverages,"Chicago, IL",DDD_teamblind
SmartLens Analytics Careers,Marketing & Advertising,"Santa Clara, CA",DDD_teamblind
The Predictive Index Careers,Human Resources,"Westwood, MA",DDD_teamblind
LionTree LLC Careers,Financial Services,"New York, NY",DDD_teamblind
Alion Science and Technology Careers,Defense & Space,"McLean, VA",DDD_teamblind
Figure Careers,Financial Services,"San Francisco, CA",DDD_teamblind
XO Group Careers,Broadcast & Online Media,"New York, NY",DDD_teamblind
CBS Interactive Careers,Broadcast & Online Media,"San Francisco, CA",DDD_teamblind
WeRide.ai Careers,Computer Software,"San Jose, CA",DDD_teamblind
Neuberger Berman Careers,Financial Services,"New York, NY",DDD_teamblind
Syserco Careers,Construction,"Fremont, CA",DDD_teamblind
BEUMER Group Careers,Industrial Automation,"Beckum, Germany",DDD_teamblind
Ombud Careers,Computer Software,"Denver, CO",DDD_teamblind
Community Coffee Company Careers,Food & Beverages,"Baton Rouge, LA",DDD_teamblind
Agilysys Careers,Information Technology & Services,"Alpharetta, GA",DDD_teamblind
Applause Careers,Information Technology & Services,"Framingham, MA",DDD_teamblind
Starwood Careers,Real Estate,"Stamford, CT",DDD_teamblind
Appirio Careers,Information Technology & Services,"Indianapolis, IN",DDD_teamblind
Ashling Partners Careers,Information Technology & Services,"Chicago, IL",DDD_teamblind
Brightstar Corp. Careers,Telecommunications,"Miami, FL",DDD_teamblind
American Red Cross Careers,Non-Profit Organization,"Washington, DC",DDD_teamblind
Federal Communications Careers,Government Administration,"Washington, DC",DDD_teamblind
Conseqta Careers,Computer Software,"Arlington, VA",DDD_teamblind
R Systems Careers,Information Technology & Services,"El Dorado Hills, CA",DDD_teamblind
Strasz Careers,Computer Software,"Princeton, NJ",DDD_teamblind
Grubhub Careers,Internet,"New York, NY",DDD_teamblind
Alchemy Careers,Computer Software,"San Francisco, CA",DDD_teamblind
Kanarys Careers,Information Technology & Services,"Dallas, TX",DDD_teamblind
Chorus.ai. Careers,Computer Software,"San Francisco, CA",DDD_teamblind
NYC Department of Social Services Careers,Government Administration,"New York, NY",DDD_teamblind
Mailchimp Careers,Computer Software,"Atlanta, GA",DDD_teamblind
Xealth Careers,Hospital & Health Care,"Seattle, WA",DDD_teamblind
BPM LLP Careers,Accounting,"San Francisco, CA",DDD_teamblind
Clearcover Careers,Insurance,"Chicago, IL",DDD_teamblind
Altran Careers,Information Technology & Services,"Neuilly-sur-Seine, France",DDD_teamblind
Solv. Careers,Internet,"San Francisco, CA",DDD_teamblind
Essity Careers,Consumer Goods,"Stockholm, Sweden",DDD_teamblind
Harbor Freight Tools Careers,Retail,"Calabasas, CA",DDD_teamblind
onepoint Careers,Management Consulting,"Paris, France",DDD_teamblind
QuoteWizard Careers,Insurance,"Seattle, WA",DDD_teamblind
AAA Careers,Consumer Services,"Heathrow, FL",DDD_teamblind
Granicus Careers,Computer Software,"Denver, CO",DDD_teamblind
Bechtel Careers,Construction,"Reston, VA",DDD_teamblind
Fiverr Careers,Internet,"New York, NY",DDD_teamblind
Fulton County Schools Careers,Education Management,"Atlanta, GA",DDD_teamblind
Applied Underwriters Careers,Insurance,"Omaha, NE",DDD_teamblind
CloudBees Careers,Computer Software,"San Jose, CA",DDD_teamblind
CompStak Careers,Internet,"New York, NY",DDD_teamblind
Starling Bank Careers,Banking,"London, United Kingdom",DDD_teamblind
RCC Careers,Information Technology & Services,"Fairfield, CA",DDD_teamblind
Lenovo Careers,Computer Hardware,"Beijing, China",DDD_teamblind
nectarconsulting Careers,Management Consulting,"Hayward, CA",DDD_teamblind
RapidAI Careers,Medical Device,"Menlo Park, CA",DDD_teamblind
CLARA analytics Careers,Insurance,"Santa Clara, CA",DDD_teamblind
Cvent Careers,Computer Software,"Tysons Corner, VA",DDD_teamblind
Huawei Careers,Computer Networking,"Shenzhen, China",DDD_teamblind
CertiK Careers,Computer Software,"New York, NY",DDD_teamblind
HCL Technologies Careers,Information Technology & Services,"Noida, India",DDD_teamblind
Turbine Labs Careers,Computer Software,"Greenwood Village, CO",DDD_teamblind
Valeo Careers,Automotive,"Paris, France",DDD_teamblind
ProcureAbility Careers,Management Consulting,"Jacksonville, FL",DDD_teamblind
Teachable Careers,E-learning,"New York, NY",DDD_teamblind
Sartorius Careers,Biotechnology,"Goettingen, Germany",DDD_teamblind
NetSuite Careers,Computer Software,"San Mateo, CA",DDD_teamblind
Ontario Insurance Company Careers,Insurance,"Shortsville, NY",DDD_teamblind
BlueFletch Careers,Computer Software,"Atlanta, GA",DDD_teamblind
InRhythm Careers,Information Technology & Services,"New York, NY",DDD_teamblind
protecht Careers,Internet,"Phoenix, AZ",DDD_teamblind
YieldStreet Careers,Financial Services,"New York, NY",DDD_teamblind
CDK Global Careers,Computer Software,"Hoffman Estates, IL",DDD_teamblind
DeepMap Careers,Computer Software,"Palo Alto, CA",DDD_teamblind
Empire State Bank Careers,Banking,"New York, NY",DDD_teamblind
NestlÃ© Purina Careers,Consumer Goods,"St. Louis, MO",DDD_teamblind
Fyle Careers,Computer Software,"Newark, DE",DDD_teamblind
ADARA Careers,Internet,"Palo Alto, CA",DDD_teamblind
Enlitic Careers,Medical Device,"San Francisco, CA",DDD_teamblind
New Incentives Careers,Non-Profit Organization,"Walnut, CA",DDD_teamblind
Columbia Bank Careers,Financial Services,"Tacoma, WA",DDD_teamblind
Softjourn Careers,Computer Software,"Fremont, CA",DDD_teamblind
Unruly Studios Careers,Primary & Secondary Education,"Boston, MA",DDD_teamblind
Dun & Bradstreet Careers,Financial Services,"Short Hills, NJ",DDD_teamblind
SURE Careers,Insurance,"Santa Monica, CA",DDD_teamblind
Niagara Careers,Food & Beverages,"Diamond Bar, CA",DDD_teamblind
LBUSD Careers,Primary & Secondary Education,"Long Beach, CA",DDD_teamblind
Herman Miller Careers,Retail,"Zeeland, MI",DDD_teamblind
ForgeRock Careers,Information Technology & Services,"San Francisco, CA",DDD_teamblind
Terakeet Careers,Marketing & Advertising,"Syracuse, NY",DDD_teamblind
Pill Club Careers,Hospital & Health Care,"San Mateo, CA",DDD_teamblind
ING Group Careers,Financial Services,"Amsterdam, Netherlands",DDD_teamblind
Unilever Careers,Retail,"Blackfriars, United Kingdom",DDD_teamblind
Process Equipment Company Careers,Materials & Manufacturing,"Tipp City, OH",DDD_teamblind
U.S. Department of Housing and Urban Development Careers,Government Administration,"Washington, DC",DDD_teamblind
Global Medical Response Careers,Hospital & Health Care,"Greenwood Village, CO",DDD_teamblind
Ladder Insurance Careers,Internet,"Palo Alto, CA",DDD_teamblind
AWeber Careers,Computer Software,"Chalfont, PA",DDD_teamblind
crxmarkets Careers,Financial Services,"Munich, Germany",DDD_teamblind
Xiaomi Careers,Internet,"Beijing, China",DDD_teamblind
180 Degrees Consulting Careers,Non-Profit Organization,"Sydney, Australia",DDD_teamblind
Veralogiq Careers,Computer Software,"Springfield, MO",DDD_teamblind
Panzura Careers,Information Technology & Services,"Campbell, CA",DDD_teamblind
Firework Careers,Computer Software,"Redwood City, CA",DDD_teamblind
Ciena Careers,Computer Networking,"Hanover, MD",DDD_teamblind
MPOWER Financing Careers,Financial Services,"Washington, DC",DDD_teamblind
Box Careers,Internet,"Redwood City, CA",DDD_teamblind
The Muse Careers,Internet,"New York, NY",DDD_teamblind
AdeptDC Careers,Internet,"San Francisco, CA",DDD_teamblind
Danone Careers,Food & Beverages,"Paris, France",DDD_teamblind
BitGo Careers,Financial Services,"Palo Alto, CA",DDD_teamblind
awareabilitytechnologies Careers,Information Technology & Services,"Columbus, OH",DDD_teamblind
Saggezza Careers,Information Technology & Services,"Chicago, IL",DDD_teamblind
HackerOne Careers,Computer & Network Security,"San Francisco, CA",DDD_teamblind
Brex Careers,Financial Services,"San Francisco, CA",DDD_teamblind
Universal Music Group Careers,Entertainment,"Santa Monica, CA",DDD_teamblind
WorkReduce Careers,Marketing & Advertising,"Boston, MA",DDD_teamblind
Leggett & Platt Careers,Retail,"Carthage, MO",DDD_teamblind
Quid Careers,Computer Software,"San Francisco, CA",DDD_teamblind
Mitsubishi Corporation Careers,Mechanical & Industrial Engineering,"Tokyo, Japan",DDD_teamblind
Marvell Semiconductor Careers,Semiconductors,"Santa Clara, CA",DDD_teamblind
Points Careers,Internet,"Toronto, Canada",DDD_teamblind
The Aerospace Corp.  Careers,Defense & Space,"El Segundo, CA",DDD_teamblind
Aspen Technology Careers,Computer Software,"Bedford, MA",DDD_teamblind
SalesLoft Careers,Computer Software,"Atlanta, GA",DDD_teamblind
GENBAND Careers,Computer Networking,"Plano, TX",DDD_teamblind
Chef Careers,Information Technology & Services,"Seattle, WA",DDD_teamblind
Webdam Careers,Computer Software,"San Mateo, CA",DDD_teamblind
Custom Computer Specialists Careers,Information Technology & Services,"Hauppauge, NY",DDD_teamblind
Upthere Careers,Computer Software,"Redwood City, CA",DDD_teamblind
Step Careers,Financial Services,"Palo Alto, CA",DDD_teamblind
SignalFx Careers,Computer Software,"San Francisco, CA",DDD_teamblind
Heritage Trust Company Careers,Banking,"Oklahoma City, OK",DDD_teamblind
Quizlet Careers,E-learning,"San Francisco, CA",DDD_teamblind
National Renewable Energy Laboratory Careers,Research,"Golden, CO",DDD_teamblind
WP Engine Careers,Information Technology & Services,"Austin, Texas",DDD_teamblind
VerticalScope Careers,Broadcast & Online Media,"Toronto, Canada",DDD_teamblind
larsentoubro Careers,Materials & Manufacturing,"Mumbai, India",DDD_teamblind
Fidelity National Financial Careers,Financial Services,"Jacksonville, FL",DDD_teamblind
Wacom Technology Corp. Careers,Computer Hardware,"Portland, OR",DDD_teamblind
Lee Hecht Harrison Careers,Management Consulting,"Maitland, FL",DDD_teamblind
CREA Careers,Real Estate,"Indianapolis, IA",DDD_teamblind
Universal Electronics Careers,Computer Hardware,"Scottsdale, AZ",DDD_teamblind
Rizing Careers,Information Technology & Services,"Stamford, CT",DDD_teamblind
The Kraft Heinz Company Careers,Food & Beverages,"Chicago, IL",DDD_teamblind
Flybits Careers,Computer Software,"Toronto, Canada",DDD_teamblind
Portworx Careers,Computer Software,"Los Altos, CA",DDD_teamblind
ATL Careers,Automotive,"Ramsey, NJ",DDD_teamblind
IPSY Careers,Retail,"San Mateo, CA",DDD_teamblind
Instabug Careers,Computer Software,"San Francisco, CA",DDD_teamblind
Vida Health Careers,Hospital & Health Care,"San Francisco, CA",DDD_teamblind
Faithful+Gould Careers,Construction,"London, United Kingdom",DDD_teamblind
Zaius Careers,Computer Software,"Boston, MA",DDD_teamblind
Katerra Careers,Construction,"Menlo Park, CA",DDD_teamblind
TestEquity Careers,Electrical & Electronic Manufacturing,"Moorpark, CA",DDD_teamblind
Babylon Health Careers,Hospital & Health Care,"London, United Kingdom",DDD_teamblind
Orochem Technologies Careers,Biotechnology,"Naperville, IL",DDD_teamblind
clykk Careers,Consumer Services,"Bangalore, India",DDD_teamblind
Weight Watchers Careers,"Health, Wellness & Fitness","New York, NY",DDD_teamblind
Alto Pharmacy Careers,Hospital & Health Care,"San Francisco, CA",DDD_teamblind
TopFunnel Careers,Computer Software,"San Francisco, CA",DDD_teamblind
Plymouth Rock Assurance Careers,Insurance,"Boston, MA",DDD_teamblind
Santa Barbara Auto Group Careers,Automotive,"Santa Barbara, CA",DDD_teamblind
Michaels Careers,Retail,"Irving, TX",DDD_teamblind
Attentive Careers,Marketing & Advertising,"New York, NY",DDD_teamblind
NTELX Careers,Information Technology & Services,"McLean, VA",DDD_teamblind
"Sangamo Therapeutics, Inc. Careers",Biotechnology,"Brisbane, CA",DDD_teamblind
Trinidad Benham Careers,Consumer Goods,"Denver, CO",DDD_teamblind
Apartment Therapy Careers,Newspapers & Publishing,"New York, NY",DDD_teamblind
Dytek Solutions Careers,Information Technology & Services,"Phoenix, AZ",DDD_teamblind
Analysis Group Careers,Management Consulting,"Boston, MA",DDD_teamblind
OpenText Careers,Computer Software,"Waterloo, Canada",DDD_teamblind
Faronics Careers,Computer Software,"Vancouver, BC",DDD_teamblind
Archegos Capital Careers,Investment Management,"New York, NY",DDD_teamblind
KEYENCE CORPORATION Careers,Industrial Automation,"Osaka, Japan",DDD_teamblind
Khan Academy Careers,Education Management,"Palo Alto, CA",DDD_teamblind
MotorTrend Careers,Broadcast & Online Media,"Silver Spring, MD",DDD_teamblind
Cadence Design Systems Careers,Computer Software,"San Jose, CA",DDD_teamblind
TransferWise Careers,Financial Services,"London, United Kingdom",DDD_teamblind
Conversica Careers,Information Technology & Services,"Foster City, CA",DDD_teamblind
Kittyhawk Careers,Aviation & Aerospace,"Garden Grove, CA",DDD_teamblind
Smucker Careers,Consumer Goods,"Orrville, OH",DDD_teamblind
Webalo Careers,Computer Software,"Los Angeles, CA",DDD_teamblind
Donut Careers,Consumer Services,"Los Angeles, CA",DDD_teamblind
Wyzant Careers,Internet,"Chicago, IL",DDD_teamblind
OMD Careers,Marketing & Advertising,"New York, NY",DDD_teamblind
OmniVision Technologies Careers,Semiconductors,"Santa Clara, CA",DDD_teamblind
Nanotronics Careers,Industrial Automation,"New York, NY",DDD_teamblind
Florida Department of Environmental Protection Careers,Environmental Services,"Tallahassee, FL",DDD_teamblind
Tinybeans Careers,Consumer Services,"New York, NY",DDD_teamblind
LeadIQ Careers,Computer Software,"Redwood City, CA",DDD_teamblind
Partnology Careers,Staffing & Recruiting,"San Diego, CA",DDD_teamblind
Paymerang Careers,Financial Services,"Richmond, VA",DDD_teamblind
Asteelflash Careers,Electrical & Electronic Manufacturing,"Neuilly Plaisance, France",DDD_teamblind
Hilti Careers,Construction,"Schaan, Liechtenstein",DDD_teamblind
Brain Corp Careers,Computer Software,"San Diego, CA",DDD_teamblind
Esurance Careers,Financial Services,"San Francisco, CA",DDD_teamblind
Luminar Technologies Careers,Automotive,"Orlando, FL",DDD_teamblind
tomcomunicacao Careers,Marketing & Advertising,"Minas Gerais, Brazil",DDD_teamblind
ShareBuilder 401k Careers,Financial Services,"Seattle, WA",DDD_teamblind
Campbell Careers,Food & Beverages,"Camden, NJ",DDD_teamblind
Spoke Careers,Computer Software,"San Francisco, CA",DDD_teamblind
Red Hat Careers,Computer Software,"Raleigh, NC",DDD_teamblind
Bank of America Careers,Financial Services,"Charlotte, NC",DDD_teamblind
BlueStacks Careers,Computer Software,"Campbell, CA",DDD_teamblind
TeamViewer Careers,Computer Software,"GÃ¶ppingen, Baden-WÃ¼rttemberg",DDD_teamblind
myKaarma Careers,Automotive,"Long Beach, CA",DDD_teamblind
"Noble Royalties, Inc. Careers",Financial Services,"Addison, TX",DDD_teamblind
Topgolf Careers,Broadcast & Online Media,"Dallas, TX",DDD_teamblind
Blue Origin Careers,Defense & Space,"Kent, WA",DDD_teamblind
STMicroelectronics Careers,Semiconductors,"Geneva, Switzerland",DDD_teamblind
Comcast Careers,Telecommunications,"Philadelphia, PA",DDD_teamblind
PredictSpring Careers,Computer Software,"Los Altos, CA",DDD_teamblind
VSA Partners Careers,Design,"Chicago, IL",DDD_teamblind
Tubi TV Careers,Entertainment,"San Francisco, CA",DDD_teamblind
Turing Video Careers,Facilities Services,"San Mateo, CA",DDD_teamblind
Clear Capital Careers,Financial Services,"Reno, NV",DDD_teamblind
Varagon Careers,Investment Management,"New York, NY",DDD_teamblind
SwagUp Careers,Marketing & Advertising,"Union City, NJ",DDD_teamblind
OCR Careers,Computer Software,"Rockville, MD",DDD_teamblind
IoTeX Careers,Information Technology & Services,"San Francisco, CA",DDD_teamblind
accesso Careers,Information Technology & Services,"Lake Mary, FL",DDD_teamblind
PitchBook Data Careers,Venture Capital & Private Equity,"Seattle, WA",DDD_teamblind
Marsh ClearSight Careers,Information Technology & Services,"Chicago, IL",DDD_teamblind
Creative Rein Careers,Management Consulting,"Palo Alto, CA",DDD_teamblind
B-Stock Solutions Careers,Logistics & Supply Chain,"Belmont, CA",DDD_teamblind
Finden Careers,Financial Services,"San Francisco, CA",DDD_teamblind
Airbase Careers,Financial Services,"San Francisco, CA",DDD_teamblind
CVP Careers,Management Consulting,"Fairfax, VA",DDD_teamblind
Phenom People Careers,Computer Software,"Ambler, PA",DDD_teamblind
injazat Careers,Information Technology & Services,"Abu Dhabi, UAE",DDD_teamblind
PeerIQ Careers,Financial Services,"New York, NY",DDD_teamblind
Ryder Careers,"Transportation, Trucking & Rail","Miami, FL",DDD_teamblind
Lemonade Careers,Insurance,"New York, NY",DDD_teamblind
Blink Health Careers,"Health, Wellness & Fitness","New York, NY",DDD_teamblind
VALiNTRY Careers,Staffing & Recruiting,"Winter Park, FL",DDD_teamblind
Optimal Synthesis Inc. Careers,Aviation & Aerospace,"Los Altos, CA",DDD_teamblind
Palmos Careers,Environmental Services,"Somerville, MA",DDD_teamblind
Currencycloud Careers,Financial Services,"London, United Kingdom",DDD_teamblind
EPRI Careers,Utilities,"Palo Alto, CA",DDD_teamblind
RealSelf Careers,Internet,"Seattle, WA",DDD_teamblind
Groq Careers,Semiconductors,"Mountain View, CA",DDD_teamblind
Univision Communications Careers,Broadcast & Online Media,"New York, NY",DDD_teamblind
Liberty Mutual Insurance Careers,Financial Services,"Boston, MA",DDD_teamblind
MobMaxime Careers,Computer Software,"Ahmedabad, Gujarat",DDD_teamblind
Eze Software Careers,Computer Software,"Greater Boston Area, East Coast, New England",DDD_teamblind
Deliv Careers,Internet,"Menlo Park, CA",DDD_teamblind
CommerceIQ Careers,Computer Software,"Mountain View, CA",DDD_teamblind
First Advantage Careers,Information Technology & Services,"Atlanta, GA",DDD_teamblind
GoShare Careers,Internet,"San Diego, CA",DDD_teamblind
si-vision Careers,Semiconductors,"London, United Kingdom",DDD_teamblind
Healthfirst Inc. Careers,Hospital & Health Care,"New York, NY",DDD_teamblind
Talkdoc Careers,Hospital & Health Care,"San Francisco, CA",DDD_teamblind
CallMiner Careers,Computer Software,"Waltham, MA",DDD_teamblind
Alaska Airlines Careers,Aviation & Aerospace,"Seattle, WA",DDD_teamblind
SUSE Careers,Computer Software,"NÃ¼rnberg, Germany",DDD_teamblind
damedic Careers,Hospital & Health Care,"KÃ¶ln, Germany",DDD_teamblind
Phoenix International Publications Careers,Newspapers & Publishing,"Chicago, IL",DDD_teamblind
Sweetgreen Careers,Food & Beverages,"Culver City, CA",DDD_teamblind
Mailgun Technologies Careers,Computer Software,"San Antonio, TX",DDD_teamblind
Qopper Careers,Internet,"San Jose, CA",DDD_teamblind
dscout Careers,Research,"Chicago, IL",DDD_teamblind
Tesco Careers,Retail,"Welwyn Garden City, England",DDD_teamblind
Giraphix Creative Careers,Marketing & Advertising,"Tampa, FL",DDD_teamblind
U.S. Naval Research Laboratory Careers,Research,"Washington, DC",DDD_teamblind
SageSure Insurance Managers Careers,Insurance,"Jersey City, NJ",DDD_teamblind
SharkNinja Careers,Consumer Goods,"Needham, MA",DDD_teamblind
Alectio Careers,Computer Software,"Santa Clara, CA",DDD_teamblind
Whip Media Group Careers,Entertainment,"Santa Monica, CA",DDD_teamblind
substack Careers,Broadcast & Online Media,"San Francisco, CA",DDD_teamblind
Split Careers,Computer Software,"Redwood City, CA",DDD_teamblind
Dartmouth college Careers,Higher Education,"Hanover, NH",DDD_teamblind
Supermetrics Careers,Computer Software,"Helsinki, Uusimaa",DDD_teamblind
Celerity Careers,Information Technology & Services,"McLean, VA",DDD_teamblind
Sierra Wireless Careers,Telecommunications,"Richmond, BC",DDD_teamblind
CAST Careers,Information Technology & Services,"New York, NY",DDD_teamblind
LinQuest Careers,Defense & Space,"Los Angeles, CA",DDD_teamblind
Wargaming Careers,Computer Games,"Nicosia, Cyprus",DDD_teamblind
OutSystems Careers,Computer Software,"Boston, MA",DDD_teamblind
Miles Education Careers,Education Management,"Hyderabad, India",DDD_teamblind
Man Group Careers,Investment Management,"London, United Kingdom",DDD_teamblind
Municipal Credit Union Careers,Financial Services,"New York, NY",DDD_teamblind
Life360 Careers,Internet,"San Francisco, CA",DDD_teamblind
New York State Office of Information Technology Services Careers,Information Technology & Services,"Albany, NY",DDD_teamblind
DealerOn Careers,Marketing & Advertising,"Rockville, MD",DDD_teamblind
trucker Careers,"Transportation, Trucking & Rail","Moscow, Russia",DDD_teamblind
BuildingConnected Careers,Construction,"San Francisco, CA",DDD_teamblind
"King County, WA Careers",Government Administration,"Seattle, WA",DDD_teamblind
Nomura Careers,Financial Services,"Tokyo, Japan",DDD_teamblind
Staples Careers,Retail,"Framingham, MA",DDD_teamblind
Xgility Careers,Information Technology & Services,"Ashburn, VA",DDD_teamblind
Hatch Ltd Careers,Materials & Manufacturing,"Mississauga, Ontario",DDD_teamblind
CrunchTime! Careers,Computer Software,"Boston, MA",DDD_teamblind
CTC Careers,Defense & Space,"Johnstown, PA",DDD_teamblind
KYOCERA Document Solutions Development Careers,Business Supplies & Equipment,"Concord, CA",DDD_teamblind
ELEKS Careers,Information Technology & Services,"Lviv, Ukraine",DDD_teamblind
nuTonomy Careers,Automotive,"Cambridge, MA",DDD_teamblind
Cypress Semiconductor Careers,Semiconductors,"San Jose, CA",DDD_teamblind
Cigniti Careers,Information Technology & Services,"Irving, TX",DDD_teamblind
Stolt-Nielsen Limited Careers,Logistics & Supply Chain,"London, United Kingdom",DDD_teamblind
Payoneer Careers,Financial Services,"New York, NY",DDD_teamblind
Saab Defense and Security USA Careers,Defense & Space,"Ashburn, VA",DDD_teamblind
The Dobrusin Law Firm Careers,Legal Services,"Pontiac, MI",DDD_teamblind
Critical Mass Careers,Marketing & Advertising,"Calgary, AB",DDD_teamblind
Sequoia Capital Careers,Venture Capital & Private Equity,"Menlo Park, CA",DDD_teamblind
Infocon Careers,Computer Software,"Louisville, Kentucky",DDD_teamblind
Utah State Legislature Careers,Government Administration,"Salt Lake City, UT",DDD_teamblind
The AI Foundation Careers,Computer Software,"San Francisco, CA",DDD_teamblind
WidePoint Careers,Information Technology & Services,"Fairfax, VA",DDD_teamblind
XANT Careers,Computer Software,"Provo, UT",DDD_teamblind
MRM Careers,Marketing & Advertising,"New York, NY",DDD_teamblind
Magic Leap Careers,Telecommunications,"Plantation, FL",DDD_teamblind
Matson Careers,"Transportation, Trucking & Rail","Honolulu, HI",DDD_teamblind
Axilis Careers,Computer Software,"Zagreb, Croatia",DDD_teamblind
ServiceChannel Careers,Computer Software,"Pleasanton, CA",DDD_teamblind
Urban Science Careers,Automotive,"Detroit, MI",DDD_teamblind
CITCO USA Careers,Retail,"Miami, FL",DDD_teamblind
Chenbro Careers,Computer Hardware,"New Taipei City, Taiwan",DDD_teamblind
Hagadone Media Careers,Marketing & Advertising,"Coeur d'Alene, Idaho",DDD_teamblind
Arlo Careers,Consumer Electronics,"Carlsbad, CA",DDD_teamblind
Fishtown Analytics Careers,Computer Software,"Philadelphia, PA",DDD_teamblind
ONE Gas Careers,Utilities,"Tulsa, OK",DDD_teamblind
Salsify Careers,Computer Software,"Boston, MA",DDD_teamblind
Pacific Northwest National Lab Careers,Research,"Richland, WA",DDD_teamblind
Pride Tours NYC Careers,"Leisure, Travel & Tourism","New York, NY",DDD_teamblind
mediaservice Careers,Information Services,"Turin, Italy",DDD_teamblind
OhioHealth Careers,Hospital & Health Care,"Columbus, OH",DDD_teamblind
Lineate Careers,Computer Software,"New York, NY",DDD_teamblind
Ambyint Careers,Oil & Energy,"Houston, TX",DDD_teamblind
Vexata Careers,Information Technology & Services,"San Jose, CA",DDD_teamblind
qntfy Careers,Research,"Arlington, VA",DDD_teamblind
Adesto Technologies Careers,Semiconductors,"Santa Clara, CA",DDD_teamblind
Zilliant Careers,Computer Software,"Austin, TX",DDD_teamblind
ValueMomentum Careers,Information Technology & Services,"Piscataway, NJ",DDD_teamblind
7Park Data Careers,Information Services,"New York, NY",DDD_teamblind
FlightSafety International Careers,Aviation & Aerospace,"Melville, NY",DDD_teamblind
Vungle Careers,Marketing & Advertising,"San Francisco, CA",DDD_teamblind
Jade Global Careers,Information Technology & Services,"San Jose, CA",DDD_teamblind
US Foods Careers,Food & Beverages,"Rosemont, IL",DDD_teamblind
KAS Engineering Careers,Information Technology & Services,"Santa Monica, CA",DDD_teamblind
KaulZ Consulting Careers,Management Consulting,"Houston, TX",DDD_teamblind
Newfront Careers,Insurance,"San Francisco, CA",DDD_teamblind
StreamLinx Careers,Information Technology & Services,"Naperville, IL",DDD_teamblind
Brooks Running Careers,Retail,"Seattle, WA",DDD_teamblind
Sixt Careers,"Leisure, Travel & Tourism","Pullach, Germany",DDD_teamblind
Milwaukee Tool Careers,Consumer Goods,"Brookfield, WI",DDD_teamblind
MOAC Careers,Computer & Network Security,"Menlo Park, CA",DDD_teamblind
Naspers Careers,Internet,"Cape Town, Africa",DDD_teamblind
PeriShip Careers,Logistics & Supply Chain,"Branford, CT",DDD_teamblind
Everfi Careers,E-learning,"Washington, DC",DDD_teamblind
iHerb Careers,Retail,"Los Angeles, CA",DDD_teamblind
optokey Careers,Medical Device,"San Francisco, CA",DDD_teamblind
Vanguard Charitable Careers,Philanthropy,"Southeastern, PA",DDD_teamblind
Level Ex Careers,Computer Games,"Chicago, IL",DDD_teamblind
Zemax Careers,Computer Software,"Kirkland, WA",DDD_teamblind
"6 River Systems, Inc. Careers",Logistics & Supply Chain,"Waltham, MA",DDD_teamblind
Blue Sky Projects Careers,Information Technology & Services,"Seattle, WA",DDD_teamblind
NetSPI Careers,Computer Networking,"Minneapolis, MN",DDD_teamblind
Pulse Secure Careers,Computer Networking,"San Jose, CA",DDD_teamblind
Navico Careers,Consumer Electronics,"Rogaland, Norway",DDD_teamblind
Kern Family Health Care Careers,Hospital & Health Care,"Bakersfield, CA",DDD_teamblind
Infragistics Careers,Computer Software,"Cranbury, NJ",DDD_teamblind
DoiT International Careers,Computer Software,"Santa Clara, CA",DDD_teamblind
Periscope Data Careers,Computer Software,"San Francisco, CA",DDD_teamblind
Arrowstreet Capital Careers,Investment Management,"Boston, MA",DDD_teamblind
Ameren Careers,Utilities,"St. Louis, MO",DDD_teamblind
Starboard Cruise Services Careers,Retail,"Miami, FL",DDD_teamblind
Arkansas Department of Education Careers,Government Administration,"Little Rock, AR",DDD_teamblind
Overstock Careers,Internet,"Midvale, UT",DDD_teamblind
DNC Careers,Civic & Social Organization,"Washington, DC",DDD_teamblind
Qualitest Careers,Information Technology & Services,"London, United Kingdom",DDD_teamblind
Simplify Healthcare Careers,Information Technology & Services,"Aurora, IL",DDD_teamblind
Takko Careers,Entertainment,"Los Angeles, CA",DDD_teamblind
Avistar Careers,Computer Software,"San Mateo, CA",DDD_teamblind
Apache Software Foundation Careers,Computer Software,"Wakefield, MA",DDD_teamblind
Voya Financial Careers,Financial Services,"New York, NY",DDD_teamblind
The Libman Company Careers,Consumer Goods,"Arcola, IL",DDD_teamblind
Checkr Careers,Internet,"San Francisco, CA",DDD_teamblind
Nauto Careers,Automotive,"Palo Alto, CA",DDD_teamblind
RPA Careers,Marketing & Advertising,"Santa Monica, CA",DDD_teamblind
Kraferd Careers,Computer Software,"Fullerton, CA",DDD_teamblind
H Mart Careers,Retail,"Lyndhurst, NJ",DDD_teamblind
Itiviti Careers,Computer Software,"Stockholm, Sweden",DDD_teamblind
Theory Careers,"Apparel, Fashion & Luxury","New York, NY",DDD_teamblind
Willing Careers,Internet,"Miami, FL",DDD_teamblind
Aristotle Careers,Investment Management,"Washington, DC",DDD_teamblind
Diebold Nixdorf Careers,Information Technology & Services,"North Canton, OH",DDD_teamblind
Micron Careers,Semiconductors,"Boise, ID",DDD_teamblind
Publicis Sapient Careers,Information Technology & Services,"Boston, MA",DDD_teamblind
wardbrew Careers,Information Technology & Services,"San Diego, CA",DDD_teamblind
eversai Careers,Business Supplies & Equipment,"Hyderabad, India",DDD_teamblind
HeartFlow Careers,Medical Device,"Redwood City, CA",DDD_teamblind
Galderma Careers,Pharmaceuticals,"Lausanne, Switzerland",DDD_teamblind
Numerati Careers,Research,"New York, NY",DDD_teamblind
LeapYear Careers,Computer Software,"San Francisco, CA",DDD_teamblind
Big Idea Group Careers,Marketing & Advertising,"Matthews, NC",DDD_teamblind
MUFG Careers,Financial Services,"Tokyo, Japan",DDD_teamblind
Georgia-Pacific Careers,Materials & Manufacturing,"Atlanta, GA",DDD_teamblind
Hyundai Motor Careers,Automotive,"Seoul, South Korea",DDD_teamblind
Fullscreen Careers,Broadcast & Online Media,"Playa Vista, CA",DDD_teamblind
rideOS Careers,Computer Software,"San Francisco, CA",DDD_teamblind
HSBC Careers,Financial Services,"London, United Kingdom",DDD_teamblind
Digital Realty Careers,Information Technology & Services,"San Francisco, CA",DDD_teamblind
Petco Careers,Retail,"San Diego, CA",DDD_teamblind
Crate & Barrel Careers,Retail,"Northbrook, IL",DDD_teamblind
Private Health Management Careers,Hospital & Health Care,"Los Angeles, CA",DDD_teamblind
Patra Corporation Careers,Insurance,"El Dorado Hills, CA",DDD_teamblind
Smith & Nephew Careers,Medical Device,"Watford, England",DDD_teamblind
nyana Careers,Computer Software,"San Francisco, CA",DDD_teamblind
Alterra Mountain Company Careers,"Leisure, Travel & Tourism","Denver, CO",DDD_teamblind
SociÃ©tÃ© GÃ©nÃ©rale Careers,Financial Services,"Paris, France",DDD_teamblind
Sema4 Careers,Biotechnology,"Stamford, CT",DDD_teamblind
Avlino Careers,Computer Software,"Holmdel, NJ",DDD_teamblind
Dunkin Donuts Careers,Restaurants,"Canton, MA",DDD_teamblind
Prisma Health Careers,Hospital & Health Care,"Greenville, SC",DDD_teamblind
Experis Careers,Staffing & Recruiting,"Milwaukee, WI",DDD_teamblind
Conagra Brands Careers,Food & Beverages,"Chicago, IL",DDD_teamblind
healthmine Careers,"Health, Wellness & Fitness","Dallas, TX",DDD_teamblind
Thomson Reuters Careers,Financial Services,"Toronto, ON",DDD_teamblind
Syntel Careers,Information Technology & Services,"Troy, MI",DDD_teamblind
Compuware Careers,Computer Software,"Detroit, MI",DDD_teamblind
Ohio Computer Medix Careers,Information Technology & Services,"Powell, OH",DDD_teamblind
British American Tobacco Careers,Consumer Goods,"London, United Kingdom",DDD_teamblind
Zoom Careers,Information Technology & Services,"San Jose, CA",DDD_teamblind
Strike Careers,Oil & Energy,"The Woodlands, TX",DDD_teamblind
Proxima Careers,Management Consulting,"London, United Kingdom",DDD_teamblind
Canoo Careers,Automotive,"Torrance, CA",DDD_teamblind
datasonar Careers,Computer Software,"Evora, Portugal",DDD_teamblind
Worklete Careers,Computer Software,"Oakland, CA",DDD_teamblind
Netherlands Foreign Investment Agency Careers,Trade & Development,"The Hague, Netherlands",DDD_teamblind
Radiance Technologies Careers,Defense & Space,"Huntsville, AL",DDD_teamblind
Veo Careers,Internet,"Chicago, IL",DDD_teamblind
adMarketplace Careers,Internet,"New York, NY",DDD_teamblind
Heflin Search Partners Careers,Information Technology & Services,"San Francisco, CA",DDD_teamblind
Tangerine Global Careers,Entertainment,"Simi Valley, CA",DDD_teamblind
Speedway Careers,Retail,"Enon, OH",DDD_teamblind
Zycus Careers,Computer Software,"Princeto, NJ",DDD_teamblind
reNature Careers,Materials & Manufacturing,"Tempe, AZ",DDD_teamblind
Wiley Careers,Newspapers & Publishing,"Hoboken, NJ",DDD_teamblind
Thales Careers,Information Technology & Services,"Nanterre, France",DDD_teamblind
Outdoorsy Careers,Internet,"Austin, TX",DDD_teamblind
Arc.dev Careers,Internet,"Palo Alto, CA",DDD_teamblind
Voxy Careers,E-learning,"New York, NY",DDD_teamblind
North American Lighting Careers,Automotive,"Paris, IL",DDD_teamblind
Ontario Teachers'â Pension Plan Careers,Investment Management,"Toronto, Ontario",DDD_teamblind
LeadGenius Careers,Computer Software,"Berkeley, CA",DDD_teamblind
sartura Careers,Computer Software,"Zagreb, Croatia",DDD_teamblind
RevMed Group Careers,Hospital & Health Care,"Jacksonville, FL",DDD_teamblind
Mallinckrodt Pharmaceuticals Careers,Pharmaceuticals,"Dublin, Ireland",DDD_teamblind
Cisco Careers,Computer Networking,"San Jose, CA",DDD_teamblind
Energy Solutions Careers,Environmental Services,"Oakland, CA",DDD_teamblind
H&M Careers,Retail,"Stockholm, Sweden",DDD_teamblind
Heslil Careers,Computer Software,"Los Angeles, CA",DDD_teamblind
Citadel Careers,Information Technology & Services,"Canberra, ACT",DDD_teamblind
Paytm Money Careers,Investment Management,"Bangalore, Karnataka",DDD_teamblind
Savvy Careers,Real Estate,"Brooklyn, NY",DDD_teamblind
TripAdvisor Careers,Internet,"Needham, MA",DDD_teamblind
Aptible Careers,Computer Software,"San Francisco, CA",DDD_teamblind
PARC Careers,Research,"Palo Alto, CA",DDD_teamblind
"Abaco Systems, Inc. Careers",Computer Hardware,"Huntsville, AL",DDD_teamblind
HelpSystems Careers,Computer Software,"Eden Prairie, MN",DDD_teamblind
Victory Tailgate Careers,Retail,"Orlando, FL",DDD_teamblind
Acumatica Careers,Computer Software,"Bellevue, WA",DDD_teamblind
The Bozzuto Group Careers,Real Estate,"Greenbelt, MD",DDD_teamblind
Inmar Careers,Information Technology & Services,"Winston-Salem, NC",DDD_teamblind
Mavenir Careers,Telecommunications,"Richardson, TX",DDD_teamblind
Snowflake Careers,Computer Software,"San Mateo, CA",DDD_teamblind
X5 Retail Group Careers,Retail,"Moscow, Russia",DDD_teamblind
Inova Software Careers,Computer Software,"Lyon, France",DDD_teamblind
BallotReady Careers,Computer Software,"Chicago, IL",DDD_teamblind
Qlik Careers,Computer Software,"King of Prussia, PA",DDD_teamblind
Collins Aerospace Careers,Aviation & Aerospace,"Cedar Rapids, IA",DDD_teamblind
"Knockaway, Inc. Careers",Internet,"New York, NY",DDD_teamblind
Humana Careers,"Health, Wellness & Fitness","Louisville, KY",DDD_teamblind
Orchard Therapeutics Careers,Biotechnology,"London, United Kingdom",DDD_teamblind
Tracer Careers,Internet,"New York, NY",DDD_teamblind
Compass Careers,Defense & Space,"Herndon, VA",DDD_teamblind
cyclingsportsgroup Careers,Retail,"Wilton, CT",DDD_teamblind
Lumileds Careers,Semiconductors,"Schiphol, Netherlands",DDD_teamblind
MaxLinear Careers,Computer Hardware,"Carlsbad, CA",DDD_teamblind
First Help Financial Careers,Financial Services,"Newton, MA",DDD_teamblind
Luxottica Careers,"Apparel, Fashion & Luxury","Milan, Italy",DDD_teamblind
ModelOp Careers,Information Technology & Services,"Chicago, IL",DDD_teamblind
INVISTA Careers,Chemicals,"Wichita, KS",DDD_teamblind
Carrier Careers,Mechanical & Industrial Engineering,"Palm Beach Gardens, FL",DDD_teamblind
Yorke Engineering Careers,Environmental Services,"San Juan Capistrano, CA",DDD_teamblind
Kenna Security Careers,Computer & Network Security,"San Francisco, CA",DDD_teamblind
BuildOps Careers,Computer Software,"Santa Monica, CA",DDD_teamblind
TruU Careers,Computer & Network Security,"Palo Alto, CA",DDD_teamblind
Headway Technologies Careers,Computer Hardware,"Milpitas, CA",DDD_teamblind
ASUS Careers,Computer Hardware,"Taipei, Taiwan",DDD_teamblind
Clubspeed Careers,Computer Software,"Irvine, CA",DDD_teamblind
City of Long Beach Careers,Government Administration,"Long Beach, CA",DDD_teamblind
American Electric Power Careers,Oil & Energy,"Columbus, OH",DDD_teamblind
Enigma Careers,Computer Software,"New York, NY",DDD_teamblind
Zenlist Careers,Real Estate,"San Francisco, CA",DDD_teamblind
Justworks Careers,Human Resources,"New York, NY",DDD_teamblind
Solid Cage Careers,Information Technology & Services,"Macomb, MI",DDD_teamblind
Colony Display Careers,Retail,"Elgin, IL",DDD_teamblind
Verys Careers,Information Technology & Services,"Santa Ana, CA",DDD_teamblind
DECATHLON FRANCE Careers,Retail,"Hauts-de-France, France",DDD_teamblind
onsemi Careers,Semiconductors,"Phoenix, AZ",DDD_teamblind
The Orchard Careers,Entertainment,"New York, NY",DDD_teamblind
Eurofins Careers,Biotechnology,"Luxembourg, Luxembourg",DDD_teamblind
RentPath Careers,Internet,"Atlanta, GA",DDD_teamblind
Riiid Labs Careers,Information Technology & Services,"San Ramon, CA",DDD_teamblind
H&R Block Careers,Retail,"Kansas City, MO",DDD_teamblind
Miro Careers,Computer Software,"San Francisco, CA",DDD_teamblind
STX Entertainment Careers,Entertainment,"Burbank, CA",DDD_teamblind
Mastek Careers,Information Technology & Services,"Reading, United Kingdom",DDD_teamblind
Hyundai Capital America Careers,Financial Services,"Irvine, CA",DDD_teamblind
eClerx Careers,Information Technology & Services,"Mumbai, India",DDD_teamblind
Federal Reserve Bank of Boston Careers,Financial Services,"Boston, MA",DDD_teamblind
ComCard Careers,Banking,"Los Angeles, CA",DDD_teamblind
Yoodle Careers,Marketing & Advertising,"Kansas City, MO",DDD_teamblind
McKinsey & Company Careers,Financial Services,"New York, NY",DDD_teamblind
cognigy Careers,Information Technology & Services,"DÃ¼sseldorf, Germany",DDD_teamblind
Backbase Careers,Internet,"Amsterdam, Netherlands",DDD_teamblind
American Water Careers,Utilities,"Camden, NJ",DDD_teamblind
New Flyer Careers,"Transportation, Trucking & Rail","Winnipeg, Canada",DDD_teamblind
Avanade Careers,Information Technology & Services,"Seattle, WA",DDD_teamblind
Enel Careers,Utilities,"Rome, Italy",DDD_teamblind
The Art of Living Careers,Non-Profit Organization,"Bengaluru, Karnataka",DDD_teamblind
Ringcentral Careers,Telecommunications,"Belmont, CA",DDD_teamblind
Cummins Careers,Automotive,"Columbus, IN",DDD_teamblind
Liferay Careers,Computer Software,"Diamond Bar, CA",DDD_teamblind
American Century Investments Careers,Investment Management,"Kansas City, MO",DDD_teamblind
Regeneron Careers,Biotechnology,"Tarrytown, NY",DDD_teamblind
Emergere Careers,Information Technology & Services,"Dallas, TX",DDD_teamblind
ProQuest Careers,"Libraries, Museums & Institutions","Ann Arbor, MI",DDD_teamblind
ADTRAN Careers,Computer Networking,"Huntsville, AL",DDD_teamblind
ICF Careers,Management Consulting,"Fairfax, VA",DDD_teamblind
minsait Careers,Information Technology & Services,"Madrid, Spain",DDD_teamblind
Calm Careers,"Health, Wellness & Fitness","San Francisco, CA",DDD_teamblind
LifeOmic Careers,Computer Software,"Indianapolis, IN",DDD_teamblind
Under Armour Careers,Retail,"Baltimore, MD",DDD_teamblind
Ultra Mobile Careers,Telecommunications,"Costa Mesa, CA",DDD_teamblind
cellulant Careers,Financial Services,"Nairobi, Kenya",DDD_teamblind
PRO Unlimited Careers,Information Technology & Services,"San Francisco, CA",DDD_teamblind
GateKeeper Careers,Computer & Network Security,"London, United Kingdom",DDD_teamblind
Mircom Group of Companies Careers,Electrical & Electronic Manufacturing,"Vaughan, Canada",DDD_teamblind
Second Measure Careers,Information Technology & Services,"San Mateo, CA",DDD_teamblind
vbs Careers,Human Resources,"Lagos, Nigeria",DDD_teamblind
Kenshoo Careers,Internet,"Tel Aviv, Israel",DDD_teamblind
GridX Careers,Computer Software,"Milpitas, CA",DDD_teamblind
MITRE Careers,Information Technology & Services,"McLean, VA",DDD_teamblind
MediaPlatform Careers,Computer Software,"North Hollywood, CA",DDD_teamblind
Lonza Careers,Biotechnology,"Basel, Switzerland",DDD_teamblind
Accellion Careers,Computer Software,"Palo Alto, CA",DDD_teamblind
GIC Careers,Investment Management,"Singapore, Singapore",DDD_teamblind
Gem Careers,Computer Software,"Venice, CA",DDD_teamblind
Activision Blizzard Careers,Computer Games,"Santa Monica, CA",DDD_teamblind
SmileDirectClub Careers,Cosmetics,"Nashville, TN",DDD_teamblind
Clever Careers,Internet,"San Francisco, CA",DDD_teamblind
Vim Careers,Computer Software,"San Francisco, CA",DDD_teamblind
Aveshka Careers,Information Technology & Services,"Vienna, VA",DDD_teamblind
LINE Corp. Careers,Retail,"New York, NY",DDD_teamblind
Analog Devices Careers,Semiconductors,"Norwood, MA",DDD_teamblind
Verily Careers,Medical Device,"San Francisco, CA",DDD_teamblind
K2 Careers,Computer Software,"Bellevue, WA",DDD_teamblind
Sysco Careers,Food & Beverages,"Houston, TX",DDD_teamblind
BankFolio Careers,Financial Services,"Tempe, AZ",DDD_teamblind
LiveStories Careers,Information Services,"Seattle, WA",DDD_teamblind
R.R. Donnelley Careers,Marketing & Advertising,"Chicago, IL",DDD_teamblind
Innovative Systems Careers,Information Technology & Services,"Glen Ellyn, IL",DDD_teamblind
Lifespan Careers,Hospital & Health Care,"Providence, RI",DDD_teamblind
Fractal Careers,Management Consulting,"New York, NY",DDD_teamblind
SVXR Careers,Semiconductors,"San Jose, CA",DDD_teamblind
MedeAnalytics Careers,Computer Software,"Richardson, TX",DDD_teamblind
Progressive Leasing Careers,Financial Services,"Draper, UT",DDD_teamblind
Clear C2 Careers,Computer Software,"Coppell, TX",DDD_teamblind
MGM Careers,Entertainment,"Beverly Hills, CA",DDD_teamblind
Charlotte Tilbury Beauty Careers,Cosmetics,"London, Strand",DDD_teamblind
INDUSTRY Careers,Design,"Portland, OR",DDD_teamblind
Circle Careers,Financial Services,"Boston, MA",DDD_teamblind
Duolingo Careers,Internet,"Pittsburgh, PA",DDD_teamblind
Vinovest Careers,Internet,"Los Angeles, CA",DDD_teamblind
PATH Careers,Medical Device,"Seattle, WA",DDD_teamblind
Microdesk Careers,Computer Software,"Nashua, NH",DDD_teamblind
Veritis Careers,Information Technology & Services,"Irving, TX",DDD_teamblind
Global Equipment Services Careers,Semiconductors,"San Jose, CA",DDD_teamblind
Ripple Careers,Financial Services,"San Francisco, CA",DDD_teamblind
TDI Careers,Defense & Space,"King Of Prussia, PA",DDD_teamblind
Checkbook Careers,Financial Services,"San Mateo, CA",DDD_teamblind
Continental Electrical Construction Careers,Electrical & Electronic Manufacturing,"Oak Brook, IL",DDD_teamblind
Center for Creative Leadership Careers,Human Resources,"Greensboro, NC",DDD_teamblind
Mercado Libre Careers,Internet,"Buenos Aires, Argentina",DDD_teamblind
Stellium Careers,Management Consulting,"Houston, TX",DDD_teamblind
Auris Health Careers,Medical Device,"Redwood City, CA",DDD_teamblind
JDA Software Careers,Computer Software,"Scottsdale, AZ",DDD_teamblind
Health First Careers,Hospital & Health Care,"Rockledge, FL",DDD_teamblind
AlphaSights Careers,Information Services,"London, United Kingdom",DDD_teamblind
Warner Bros. Entertainment Careers,Broadcast & Online Media,"Burbank, CA",DDD_teamblind
Abiomed Careers,Medical Device,"Danvers, MA",DDD_teamblind
System Soft Technologies Careers,Information Technology & Services,"Tampa, FL",DDD_teamblind
Anthem Careers,Financial Services,"Indianapolis, Indiana",DDD_teamblind
Ad Hoc LLC Careers,Computer Software,"Washington, DC",DDD_teamblind
BETSOL Careers,Information Technology & Services,"Broomfield, CO",DDD_teamblind
